month_end,deadline,partition,settlement_regime,settlement_lag_sessions,weekday,pit_vol_quintile,pit_rv20,matched_baseline_n,horizon,event_raw_return,event_net_return,baseline_raw_mean,baseline_net_mean,excess_return,deadline_pressure_1d,matched_pressure_1d_mean,deadline_pressure_excess
1993-05-28,1993-05-25,train,T3,3,1,2,0.10715435448161563,42,1,0.012492121289594316,0.011992121289594315,-0.0020075253846126005,-0.002507525384612601,0.014499646674206916,0.0020859774272734555,-0.0005367266661031415,0.002622704093376597
1993-05-28,1993-05-25,train,T3,3,1,2,0.10715435448161563,42,3,0.004164040429864846,0.003664040429864846,-0.00019010192457613066,-0.0006901019245761311,0.004354142354440977,0.0020859774272734555,-0.0005367266661031415,0.002622704093376597
1993-05-28,1993-05-25,train,T3,3,1,2,0.10715435448161563,42,5,0.012492121289594316,0.011992121289594315,0.000737580524856737,0.0002375805248567366,0.011754540764737578,0.0020859774272734555,-0.0005367266661031415,0.002622704093376597
1993-06-30,1993-06-25,train,T3,3,4,1,0.0914641078534677,50,1,0.01116514600146723,0.01066514600146723,0.0020065134982233525,0.0015065134982233518,0.009158632503243877,-0.0006969942803594087,0.0009693449467277304,-0.0016663392270871392
1993-06-30,1993-06-25,train,T3,3,4,1,0.0914641078534677,50,3,0.006280245649051608,0.005780245649051607,0.0033899477181712646,0.002889947718171264,0.0028902979308803433,-0.0006969942803594087,0.0009693449467277304,-0.0016663392270871392
1993-06-30,1993-06-25,train,T3,3,4,1,0.0914641078534677,50,5,-0.0020942866503815827,-0.0025942866503815827,0.004519080626336392,0.004019080626336391,-0.006613367276717973,-0.0006969942803594087,0.0009693449467277304,-0.0016663392270871392
1993-07-30,1993-07-27,train,T3,3,1,1,0.08842757355006252,52,1,-0.0020861621917928064,-0.0025861621917928064,-5.50821735003456e-05,-0.0005550821735003461,-0.00203108001829246,-0.0006948786638482085,-0.0003027015299992254,-0.0003921771338489831
1993-07-30,1993-07-27,train,T3,3,1,1,0.08842757355006252,52,3,-0.0020861621917928064,-0.0025861621917928064,0.0018225234069569052,0.0013225234069569047,-0.0039086855987497116,-0.0006948786638482085,-0.0003027015299992254,-0.0003921771338489831
1993-07-30,1993-07-27,train,T3,3,1,1,0.08842757355006252,52,5,0.0013908003358271692,0.0008908003358271692,0.0038175046655838586,0.003317504665583858,-0.002426704329756689,-0.0006948786638482085,-0.0003027015299992254,-0.0003921771338489831
1993-08-31,1993-08-26,train,T3,3,3,1,0.059459405727236604,44,1,-0.0006746519326493727,-0.0011746519326493727,0.0009245941233579232,0.0004245941233579227,-0.0015992460560072955,0.0006751073951583031,5.504929633453161e-05,0.0006200580988237715
1993-08-31,1993-08-26,train,T3,3,3,1,0.059459405727236604,44,3,0.0060766289425531195,0.005576628942553119,0.005113601879469018,0.004613601879469018,0.0009630270630841013,0.0006751073951583031,5.504929633453161e-05,0.0006200580988237715
1993-08-31,1993-08-26,train,T3,3,3,1,0.059459405727236604,44,5,0.0013508662484686962,0.0008508662484686962,0.003780308329666009,0.0032803083296660085,-0.0024294420811973123,0.0006751073951583031,5.504929633453161e-05,0.0006200580988237715
1993-09-30,1993-09-27,train,T3,3,0,2,0.07326704434871943,36,1,-0.002025471520660793,-0.002525471520660793,0.0001406233268238799,-0.00035937667317612043,-0.0021660948474846726,0.010921289458420302,0.000263763356749263,0.01065752610167104
1993-09-30,1993-09-27,train,T3,3,0,2,0.07326704434871943,36,3,-0.007426605678240938,-0.007926605678240939,0.0010100177098464151,0.0005100177098464146,-0.008436623388087353,0.010921289458420302,0.000263763356749263,0.01065752610167104
1993-09-30,1993-09-27,train,T3,3,0,2,0.07326704434871943,36,5,-0.0013499693007309466,-0.0018499693007309466,0.003178659579551549,0.0026786595795515486,-0.004528628880282495,0.010921289458420302,0.000263763356749263,0.01065752610167104
1993-10-29,1993-10-26,train,T3,3,1,1,0.06789896442787063,52,1,0.0006726293112178094,0.00017262931121780943,-5.50821735003456e-05,-0.0005550821735003461,0.0007277114847181555,-0.0006721771851406766,-0.0003027015299992254,-0.0003694756551414512
1993-10-29,1993-10-26,train,T3,3,1,1,0.06789896442787063,52,3,0.008070447132065173,0.007570447132065172,0.0018225234069569052,0.0013225234069569047,0.0062479237251082675,-0.0006721771851406766,-0.0003027015299992254,-0.0003694756551414512
1993-10-29,1993-10-26,train,T3,3,1,1,0.06789896442787063,52,5,0.010087672304189832,0.009587672304189832,0.0038175046655838586,0.003317504665583858,0.006270167638605974,-0.0006721771851406766,-0.0003027015299992254,-0.0003694756551414512
1993-11-30,1993-11-24,train,T3,3,2,3,0.08749438157793016,34,1,0.0006726293112178094,0.00017262931121780943,-0.002417007122825136,-0.0029170071228251365,0.003089636434042946,0.004051312733867496,-0.002184561251612071,0.006235873985479567
1993-11-30,1993-11-24,train,T3,3,2,3,0.08749438157793016,34,3,-0.002689707203002767,-0.003189707203002767,-0.00028018774759403604,-0.0007801877475940365,-0.0024095194554087304,0.004051312733867496,-0.002184561251612071,0.006235873985479567
1993-11-30,1993-11-24,train,T3,3,2,3,0.08749438157793016,34,5,0.001345184982265657,0.000845184982265657,-0.0005923985945612439,-0.0010923985945612443,0.0019375835768269012,0.004051312733867496,-0.002184561251612071,0.006235873985479567
1993-12-31,1993-12-28,train,T3,3,1,1,0.06028812801992588,52,1,-0.0013266798471031072,-0.0018266798471031072,-5.50821735003456e-05,-0.0005550821735003461,-0.001271597673602761,0.0019938067035785156,-0.0003027015299992254,0.002296508233577741
1993-12-31,1993-12-28,train,T3,3,1,1,0.06028812801992588,52,3,-0.010616902881305013,-0.011116902881305013,0.0018225234069569052,0.0013225234069569047,-0.012439426288261918,0.0019938067035785156,-0.0003027015299992254,0.002296508233577741
1993-12-31,1993-12-28,train,T3,3,1,1,0.06028812801992588,52,5,-0.009289573514611793,-0.009789573514611793,0.0038175046655838586,0.003317504665583858,-0.013107078180195651,0.0019938067035785156,-0.0003027015299992254,0.002296508233577741
1994-01-31,1994-01-26,train,T3,3,2,2,0.06568643132635149,42,1,0.009247915954001984,0.008747915954001984,0.0017480419990514226,0.0012480419990514222,0.007499873954950561,0.002648735596982421,-0.0005405006450791032,0.0031892362420615243
1994-01-31,1994-01-26,train,T3,3,2,2,0.06568643132635149,42,3,0.019155566097765586,0.018655566097765586,0.0005476998531079937,4.769985310799323e-05,0.018607866244657593,0.002648735596982421,-0.0005405006450791032,0.0031892362420615243
1994-01-31,1994-01-26,train,T3,3,2,2,0.06568643132635149,42,5,0.020475609158639108,0.019975609158639107,0.002886875475140496,0.0023868754751404956,0.01758873368349861,0.002648735596982421,-0.0005405006450791032,0.0031892362420615243
1994-02-28,1994-02-23,train,T3,3,2,5,0.11975319380792353,55,1,-0.013236281377542403,-0.013736281377542403,0.006011890294552636,0.005511890294552636,-0.01924817167209504,-0.0026404243286304308,-0.005307634675380757,0.002667210346750326
1994-02-28,1994-02-23,train,T3,3,2,5,0.11975319380792353,55,3,-0.008603647675402115,-0.009103647675402116,0.012554192586858123,0.012054192586858123,-0.02115784026226024,-0.0026404243286304308,-0.005307634675380757,0.002667210346750326
1994-02-28,1994-02-23,train,T3,3,2,5,0.11975319380792353,55,5,-0.011250918346466077,-0.011750918346466077,0.014313137636893628,0.01381313763689363,-0.02556405598335971,-0.0026404243286304308,-0.005307634675380757,0.002667210346750326
1994-03-31,1994-03-28,train,T3,3,0,3,0.08115153569773242,46,1,-0.01970070942065172,-0.02020070942065172,0.000916236836269199,0.0004162368362691986,-0.02061694625692092,0.0013604368286594948,-0.000680179867075231,0.0020406166957347258
1994-03-31,1994-03-28,train,T3,3,0,3,0.08115153569773242,46,3,-0.030570299391221023,-0.031070299391221023,-0.0005007303240408545,-0.001000730324040855,-0.03006956906718017,0.0013604368286594948,-0.000680179867075231,0.0020406166957347258
1994-03-31,1994-03-28,train,T3,3,0,3,0.08115153569773242,46,5,-0.025814504839136054,-0.026314504839136055,-0.0023059649897345246,-0.002805964989734525,-0.02350853984940153,0.0013604368286594948,-0.000680179867075231,0.0020406166957347258
1994-04-29,1994-04-25,train,T3,3,0,5,0.14782074350357344,62,1,-0.0010333366433504798,-0.0015333366433504798,-1.9491191284218368e-05,-0.0005194911912842188,-0.001013845452066261,0.010448795223605867,0.003746900141065211,0.006701895082540656
1994-04-29,1994-04-25,train,T3,3,0,5,0.14782074350357344,62,3,-0.00517003796380866,-0.005670037963808661,0.000620938437471286,0.00012093843747128554,-0.0057909764012799465,0.010448795223605867,0.003746900141065211,0.006701895082540656
1994-04-29,1994-04-25,train,T3,3,0,5,0.14782074350357344,62,5,0.0,-0.0005,0.0018880702786119165,0.001388070278611916,-0.001888070278611916,0.010448795223605867,0.003746900141065211,0.006701895082540656
1994-05-31,1994-05-25,train,T3,3,2,4,0.10100393260292899,49,1,0.0006823806555118495,0.00018238065551184944,-0.0010025334359418715,-0.001502533435941872,0.0016849140914537214,0.002737215881134958,-0.0008386110205293054,0.003575826901664263
1994-05-31,1994-05-25,train,T3,3,2,4,0.10100393260292899,49,3,0.00034060003307123665,-0.00015939996692876336,-0.002179312020235106,-0.0026793120202351067,0.0025199120533063433,0.002737215881134958,-0.0008386110205293054,0.003575826901664263
1994-05-31,1994-05-25,train,T3,3,2,4,0.10100393260292899,49,5,0.003753093605315616,0.003253093605315616,-0.002498323573624951,-0.0029983235736249516,0.006251417178940568,0.002737215881134958,-0.0008386110205293054,0.003575826901664263
1994-06-30,1994-06-27,train,T3,3,0,5,0.10610293433638428,62,1,-0.004879069061072161,-0.005379069061072161,-1.9491191284218368e-05,-0.0005194911912842188,-0.0048595778697879425,0.017375477219551794,0.003746900141065211,0.013628577078486583
1994-06-30,1994-06-27,train,T3,3,0,5,0.10610293433638428,62,3,-0.008016506744412677,-0.008516506744412677,0.000620938437471286,0.00012093843747128554,-0.008637445181883963,0.017375477219551794,0.003746900141065211,0.013628577078486583
1994-06-30,1994-06-27,train,T3,3,0,5,0.10610293433638428,62,5,-0.000696367983038515,-0.001196367983038515,0.0018880702786119165,0.001388070278611916,-0.002584438261650431,0.017375477219551794,0.003746900141065211,0.013628577078486583
1994-07-29,1994-07-26,train,T3,3,1,3,0.08548279993666183,44,1,0.0,-0.0005,-0.00026600952680538354,-0.0007660095268053839,0.0002660095268053839,-0.0010323235641993556,0.0005577714340247856,-0.0015900949982241412
1994-07-29,1994-07-26,train,T3,3,1,3,0.08548279993666183,44,3,0.012055875460290855,0.011555875460290854,-0.0028871408548779313,-0.0033871408548779318,0.014943016315168787,-0.0010323235641993556,0.0005577714340247856,-0.0015900949982241412
1994-07-29,1994-07-26,train,T3,3,1,3,0.08548279993666183,44,5,0.01825703170590809,0.01775703170590809,-0.0033639696729622763,-0.0038639696729622767,0.021621001378870366,-0.0010323235641993556,0.0005577714340247856,-0.0015900949982241412
1994-08-31,1994-08-26,train,T3,3,4,3,0.07521491227812432,47,1,-0.0006554577363160341,-0.0011554577363160341,0.0010057302325003454,0.000505730232500345,-0.001661187968816379,0.014290623687764015,0.0019813075613381455,0.012309316126425869
1994-08-31,1994-08-26,train,T3,3,4,3,0.07521491227812432,47,3,-0.0006554577363160341,-0.0011554577363160341,0.0016935910313479823,0.0011935910313479819,-0.002349048767664016,0.014290623687764015,0.0019813075613381455,0.012309316126425869
1994-08-31,1994-08-26,train,T3,3,4,3,0.07521491227812432,47,5,-0.008191215416174513,-0.008691215416174514,0.0018938767936056257,0.0013938767936056253,-0.010085092209780138,0.014290623687764015,0.0019813075613381455,0.012309316126425869
1994-09-30,1994-09-27,train,T3,3,1,4,0.10142889477282857,45,1,0.007793669759101007,0.007293669759101007,3.2792708654880464e-05,-0.00046720729134512,0.007760877050446127,-0.0006773142746189231,-0.0004470061676874717,-0.0002303081069314514
1994-09-30,1994-09-27,train,T3,3,1,4,0.10142889477282857,45,3,0.001356125602703484,0.000856125602703484,-0.0027933072317911866,-0.003293307231791187,0.004149432834494671,-0.0006773142746189231,-0.0004470061676874717,-0.0002303081069314514
1994-09-30,1994-09-27,train,T3,3,1,4,0.10142889477282857,45,5,-0.015926660380052415,-0.016426660380052416,0.0018514859784671378,0.0013514859784671373,-0.017778146358519552,-0.0006773142746189231,-0.0004470061676874717,-0.0002303081069314514
1994-10-31,1994-10-26,train,T3,3,2,4,0.10790931924625662,49,1,0.006061824016498241,0.00556182401649824,-0.0010025334359418715,-0.001502533435941872,0.007064357452440112,0.0037189304918152644,-0.0008386110205293054,0.00455754151234457
1994-10-31,1994-10-26,train,T3,3,2,4,0.10790931924625662,49,3,0.023576005770233888,0.023076005770233887,-0.002179312020235106,-0.0026793120202351067,0.025755317790468996,0.0037189304918152644,-0.0008386110205293054,0.00455754151234457
1994-10-31,1994-10-26,train,T3,3,2,4,0.10790931924625662,49,5,0.006398871731694511,0.0058988717316945105,-0.002498323573624951,-0.0029983235736249516,0.008897195305319463,0.0037189304918152644,-0.0008386110205293054,0.00455754151234457
1994-11-30,1994-11-25,train,T3,3,4,5,0.1509184077738401,51,1,0.004467745287516145,0.0039677452875161445,0.005469710041379312,0.004969710041379312,-0.0010019647538631674,0.004833927306003849,0.0004575466990880732,0.0043763806069157755
1994-11-30,1994-11-25,train,T3,3,4,5,0.1509184077738401,51,3,0.0027495115501940948,0.0022495115501940948,0.005788648471959988,0.0052886484719599875,-0.003039136921765893,0.004833927306003849,0.0004575466990880732,0.0043763806069157755
1994-11-30,1994-11-25,train,T3,3,4,5,0.1509184077738401,51,5,0.0020621887013105855,0.0015621887013105855,0.006301752933612078,0.005801752933612078,-0.004239564232301492,0.004833927306003849,0.0004575466990880732,0.0043763806069157755
1994-12-30,1994-12-27,train,T3,3,1,2,0.08908446117215021,42,1,-0.0050606419295626814,-0.005560641929562682,-0.0020075253846126005,-0.002507525384612601,-0.003053116544950081,0.005427387057477473,-0.0005367266661031415,0.005964113723580615
1994-12-30,1994-12-27,train,T3,3,1,2,0.08908446117215021,42,3,-0.01619419713058745,-0.01669419713058745,-0.00019010192457613066,-0.0006901019245761311,-0.016004095206011322,0.005427387057477473,-0.0005367266661031415,0.005964113723580615
1994-12-30,1994-12-27,train,T3,3,1,2,0.08908446117215021,42,5,-0.006747879962717085,-0.007247879962717085,0.000737580524856737,0.0002375805248567366,-0.007485460487573822,0.005427387057477473,-0.0005367266661031415,0.005964113723580615
1995-01-31,1995-01-26,train,T3,3,3,1,0.07723779261512116,44,1,0.00399565329135898,0.0034956532913589804,0.0009245941233579232,0.0004245941233579227,0.0030710591680010576,0.0010001242210495587,5.504929633453161e-05,0.0009450749247150271
1995-01-31,1995-01-26,train,T3,3,3,1,0.07723779261512116,44,3,0.0036625175677593713,0.0031625175677593713,0.005113601879469018,0.004613601879469018,-0.0014510843117096464,0.0010001242210495587,5.504929633453161e-05,0.0009450749247150271
1995-01-31,1995-01-26,train,T3,3,3,1,0.07723779261512116,44,5,0.00932469607361952,0.00882469607361952,0.003780308329666009,0.0032803083296660085,0.005544387743953511,0.0010001242210495587,5.504929633453161e-05,0.0009450749247150271
1995-02-28,1995-02-23,train,T3,3,3,1,0.06593492342073813,44,1,0.002557162106128885,0.002057162106128885,0.0009245941233579232,0.0004245941233579227,0.0016325679827709624,0.0016014047533894349,5.504929633453161e-05,0.0015463554570549034
1995-02-28,1995-02-23,train,T3,3,3,1,0.06593492342073813,44,3,0.0028774592747127237,0.0023774592747127237,0.005113601879469018,0.004613601879469018,-0.002236142604756294,0.0016014047533894349,5.504929633453161e-05,0.0015463554570549034
1995-02-28,1995-02-23,train,T3,3,3,1,0.06593492342073813,44,5,-0.0022378131634618326,-0.0027378131634618326,0.003780308329666009,0.0032803083296660085,-0.006018121493127841,0.0016014047533894349,5.504929633453161e-05,0.0015463554570549034
1995-03-31,1995-03-28,train,T3,3,1,3,0.09128894094817797,44,1,-0.00030971368690280165,-0.0008097136869028017,-0.00026600952680538354,-0.0007660095268053839,-4.370416009741773e-05,0.0,0.0005577714340247856,-0.0005577714340247856
1995-03-31,1995-03-28,train,T3,3,1,3,0.09128894094817797,44,3,-0.006197799890088507,-0.006697799890088507,-0.0028871408548779313,-0.0033871408548779318,-0.0033106590352105754,0.0,0.0005577714340247856,-0.0005577714340247856
1995-03-31,1995-03-28,train,T3,3,1,3,0.09128894094817797,44,5,0.0027893821554767495,0.0022893821554767495,-0.0033639696729622763,-0.0038639696729622767,0.006153351828439026,0.0,0.0005577714340247856,-0.0005577714340247856
1995-04-28,1995-04-25,train,T3,3,1,1,0.06658818129693446,52,1,0.0009129070864379862,0.0004129070864379862,-5.50821735003456e-05,-0.0005550821735003461,0.0009679892599383323,-0.002731304927949707,-0.0003027015299992254,-0.0024286033979504817
1995-04-28,1995-04-25,train,T3,3,1,1,0.06658818129693446,52,3,0.004869521812008948,0.004369521812008947,0.0018225234069569052,0.0013225234069569047,0.0030469984050520427,-0.002731304927949707,-0.0003027015299992254,-0.0024286033979504817
1995-04-28,1995-04-25,train,T3,3,1,1,0.06658818129693446,52,5,0.004260767458851067,0.003760767458851067,0.0038175046655838586,0.003317504665583858,0.0004432627932672087,-0.002731304927949707,-0.0003027015299992254,-0.0024286033979504817
1995-05-31,1995-05-25,train,T3,3,3,4,0.09477641663789207,40,1,-0.011460383013012332,-0.011960383013012332,-0.000909023705321832,-0.0014090237053218323,-0.0105513593076905,0.0008817397747749034,-0.002094188401367664,0.002975928176142567
1995-05-31,1995-05-25,train,T3,3,3,4,0.09477641663789207,40,3,0.008816255590851751,0.008316255590851751,0.0005221222754257321,2.2122275425731643e-05,0.008294133315426019,0.0008817397747749034,-0.002094188401367664,0.002975928176142567
1995-05-31,1995-05-25,train,T3,3,3,4,0.09477641663789207,40,5,0.007053338850988133,0.006553338850988133,0.0018328323948100856,0.0013328323948100852,0.005220506456178048,0.0008817397747749034,-0.002094188401367664,0.002975928176142567
1995-06-30,1995-06-27,train,T3,3,1,4,0.12083258339811714,45,1,0.005184940797923199,0.004684940797923198,3.2792708654880464e-05,-0.00046720729134512,0.005152148089268318,-0.002012825795578599,-0.0004470061676874717,-0.001565819627891127
1995-06-30,1995-06-27,train,T3,3,1,4,0.12083258339811714,45,3,0.0028806701559964676,0.0023806701559964676,-0.0027933072317911866,-0.003293307231791187,0.005673977387787655,-0.002012825795578599,-0.0004470061676874717,-0.001565819627891127
1995-06-30,1995-06-27,train,T3,3,1,4,0.12083258339811714,45,5,0.010370062606894548,0.009870062606894547,0.0018514859784671378,0.0013514859784671373,0.00851857662842741,-0.002012825795578599,-0.0004470061676874717,-0.001565819627891127
1995-07-31,1995-07-26,train,T3,3,2,3,0.09768399328028458,34,1,0.00834242520700812,0.007842425207008119,-0.002417007122825136,-0.0029170071228251365,0.010759432329833256,-0.0008326049592148888,-0.002184561251612071,0.001351956292397182
1995-07-31,1995-07-26,train,T3,3,2,3,0.09768399328028458,34,3,-0.000556581126155753,-0.001056581126155753,-0.00028018774759403604,-0.0007801877475940365,-0.0002763933785617165,-0.0008326049592148888,-0.002184561251612071,0.001351956292397182
1995-07-31,1995-07-26,train,T3,3,2,3,0.09768399328028458,34,5,-0.004449969217346972,-0.004949969217346972,-0.0005923985945612439,-0.0010923985945612443,-0.0038575706227857278,-0.0008326049592148888,-0.002184561251612071,0.001351956292397182
1995-08-31,1995-08-28,train,T3,3,0,1,0.052759696815427845,50,1,0.002506877574276256,0.002006877574276256,0.0005096947647216777,9.694764721677184e-06,0.001997182809554579,-0.0036089462795525495,0.0019899125752538115,-0.005598858854806361
1995-08-31,1995-08-28,train,T3,3,0,1,0.052759696815427845,50,3,0.00557138368905008,0.00507138368905008,0.0020114084365201613,0.0015114084365201608,0.003559975252529919,-0.0036089462795525495,0.0019899125752538115,-0.005598858854806361
1995-08-31,1995-08-28,train,T3,3,0,1,0.052759696815427845,50,5,0.019499025959020644,0.018999025959020643,0.0022801224090779003,0.0017801224090779,0.017218903549942745,-0.0036089462795525495,0.0019899125752538115,-0.005598858854806361
1995-09-29,1995-09-26,train,T3,3,1,1,0.06700241065250218,52,1,-0.0008045340320357308,-0.0013045340320357308,-5.50821735003456e-05,-0.0005550821735003461,-0.0007494518585353848,-0.00026855339313469617,-0.0003027015299992254,3.414813686452922e-05
1995-09-29,1995-09-26,train,T3,3,1,1,0.06700241065250218,52,3,0.004832574465269079,0.004332574465269079,0.0018225234069569052,0.0013225234069569047,0.0030100510583121742,-0.00026855339313469617,-0.0003027015299992254,3.414813686452922e-05
1995-09-29,1995-09-26,train,T3,3,1,1,0.06700241065250218,52,5,0.0008050934354788541,0.00030509343547885414,0.0038175046655838586,0.003317504665583858,-0.003012411230105004,-0.00026855339313469617,-0.0003027015299992254,3.414813686452922e-05
1995-10-31,1995-10-26,train,T3,3,3,2,0.07596243642389182,38,1,0.007575570499070539,0.007075570499070538,0.00011134435290168308,-0.0003886556470983174,0.007464226146168856,-0.009115770180737726,-0.0008060359305217038,-0.008309734250216022
1995-10-31,1995-10-26,train,T3,3,3,2,0.07596243642389182,38,3,0.009741323990610784,0.009241323990610784,0.002343924803604838,0.0018439248036048374,0.007397399187005946,-0.009115770180737726,-0.0008060359305217038,-0.008309734250216022
1995-10-31,1995-10-26,train,T3,3,3,2,0.07596243642389182,38,5,0.024350885667677735,0.023850885667677735,0.00043162138309309423,-6.837861690690618e-05,0.02391926428458464,-0.009115770180737726,-0.0008060359305217038,-0.008309734250216022
1995-11-30,1995-11-27,train,T3,3,0,3,0.08481847311512089,46,1,0.01061603934118982,0.01011603934118982,0.000916236836269199,0.0004162368362691986,0.009699802504920621,0.000259271352512469,-0.000680179867075231,0.0009394512195877
1995-11-30,1995-11-27,train,T3,3,0,3,0.08481847311512089,46,3,0.009321421453103662,0.008821421453103662,-0.0005007303240408545,-0.001000730324040855,0.009822151777144517,0.000259271352512469,-0.000680179867075231,0.0009394512195877
1995-11-30,1995-11-27,train,T3,3,0,3,0.08481847311512089,46,5,0.023044781131664527,0.022544781131664526,-0.0023059649897345246,-0.002805964989734525,0.02535074612139905,0.000259271352512469,-0.000680179867075231,0.0009394512195877
1995-12-29,1995-12-26,train,T3,3,1,5,0.11912114943449208,52,1,-0.0005077465817342475,-0.0010077465817342475,-0.003449870728369696,-0.0039498707283696964,0.002942124146635449,0.004850638158381715,-0.0007687175612450761,0.005619355719626791
1995-12-29,1995-12-26,train,T3,3,1,5,0.11912114943449208,52,3,-0.00025329451238020884,-0.0007532945123802088,-0.000711479708435669,-0.0012114797084356694,0.00045818519605546055,0.004850638158381715,-0.0007687175612450761,0.005619355719626791
1995-12-29,1995-12-26,train,T3,3,1,5,0.11912114943449208,52,5,0.01321182913785579,0.01271182913785579,0.009968943904176816,0.009468943904176817,0.003242885233678973,0.004850638158381715,-0.0007687175612450761,0.005619355719626791
1996-01-31,1996-01-26,train,T3,3,4,5,0.11751569855579766,51,1,0.0040170544650981466,0.0035170544650981466,0.005469710041379312,0.004969710041379312,-0.0014526555762811653,0.008610304129635704,0.0004575466990880732,0.00815275743054763
1996-01-31,1996-01-26,train,T3,3,4,5,0.11751569855579766,51,3,0.02309798518133377,0.02259798518133377,0.005788648471959988,0.0052886484719599875,0.01730933670937378,0.008610304129635704,0.0004575466990880732,0.00815275743054763
1996-01-31,1996-01-26,train,T3,3,4,5,0.11751569855579766,51,5,0.022596230339269496,0.022096230339269496,0.006301752933612078,0.005801752933612078,0.01629447740565742,0.008610304129635704,0.0004575466990880732,0.00815275743054763
1996-02-29,1996-02-26,train,T3,3,0,5,0.12004530052104999,62,1,-0.0031249794645059614,-0.0036249794645059614,-1.9491191284218368e-05,-0.0005194911912842188,-0.0031054882732217425,-0.01421787271932795,0.003746900141065211,-0.017964772860393163
1996-02-29,1996-02-26,train,T3,3,0,5,0.12004530052104999,62,3,-0.017307762386860603,-0.017807762386860604,0.000620938437471286,0.00012093843747128554,-0.01792870082433189,-0.01421787271932795,0.003746900141065211,-0.017964772860393163
1996-02-29,1996-02-26,train,T3,3,0,5,0.12004530052104999,62,5,0.004086687762717478,0.003586687762717478,0.0018880702786119165,0.001388070278611916,0.002198617484105562,-0.01421787271932795,0.003746900141065211,-0.017964772860393163
1996-03-29,1996-03-26,train,T3,3,1,5,0.1746995253477945,52,1,-0.009086488031110007,-0.009586488031110008,-0.003449870728369696,-0.0039498707283696964,-0.005636617302740311,0.0048050915065860345,-0.0007687175612450761,0.00557380906783111
1996-03-29,1996-03-26,train,T3,3,1,5,0.1746995253477945,52,3,-0.01004275286736478,-0.01054275286736478,-0.000711479708435669,-0.0012114797084356694,-0.00933127315892911,0.0048050915065860345,-0.0007687175612450761,0.00557380906783111
1996-03-29,1996-03-26,train,T3,3,1,5,0.1746995253477945,52,5,0.003348011574571208,0.002848011574571208,0.009968943904176816,0.009468943904176817,-0.00662093232960561,0.0048050915065860345,-0.0007687175612450761,0.00557380906783111
1996-04-30,1996-04-25,train,T3,3,3,5,0.12724660379497324,50,1,0.002153682930035039,0.001653682930035039,-0.0005046478654548725,-0.001004647865454873,0.002658330795489912,0.0045674194709437455,0.0038667488487956645,0.0007006706221480809
1996-04-30,1996-04-25,train,T3,3,3,5,0.12724660379497324,50,3,0.001435624161508331,0.0009356241615083309,0.012492253630936931,0.01199225363093693,-0.0110566294694286,0.0045674194709437455,0.0038667488487956645,0.0007006706221480809
1996-04-30,1996-04-25,train,T3,3,3,5,0.12724660379497324,50,5,-0.013639662973191524,-0.014139662973191525,0.013795934386841745,0.013295934386841748,-0.027435597360033273,0.0045674194709437455,0.0038667488487956645,0.0007006706221480809
1996-05-31,1996-05-28,train,T3,3,1,3,0.11261999445161867,44,1,-0.0067150541638262284,-0.007215054163826229,-0.00026600952680538354,-0.0007660095268053839,-0.006449044637020845,-0.010084047274252605,0.0005577714340247856,-0.01064181870827739
1996-05-31,1996-05-28,train,T3,3,1,3,0.11261999445161867,44,3,-0.00903026414532293,-0.009530264145322931,-0.0028871408548779313,-0.0033871408548779318,-0.006143123290444999,-0.010084047274252605,0.0005577714340247856,-0.01064181870827739
1996-05-31,1996-05-28,train,T3,3,1,3,0.11261999445161867,44,5,0.0006938278252932584,0.00019382782529325836,-0.0033639696729622763,-0.0038639696729622767,0.004057797498255535,-0.010084047274252605,0.0005577714340247856,-0.01064181870827739
1996-06-28,1996-06-25,train,T3,3,1,2,0.0896219079044892,42,1,-0.0067772878846644735,-0.007277287884664474,-0.0020075253846126005,-0.002507525384612601,-0.0047697625000518735,-0.0011676617723812566,-0.0005367266661031415,-0.0006309351062781151
1996-06-28,1996-06-25,train,T3,3,1,2,0.0896219079044892,42,3,0.0037396395658870762,0.0032396395658870762,-0.00019010192457613066,-0.0006901019245761311,0.003929741490463207,-0.0011676617723812566,-0.0005367266661031415,-0.0006309351062781151
1996-06-28,1996-06-25,train,T3,3,1,2,0.0896219079044892,42,5,0.008647251459342309,0.008147251459342308,0.000737580524856737,0.0002375805248567366,0.007909670934485571,-0.0011676617723812566,-0.0005367266661031415,-0.0006309351062781151
1996-07-31,1996-07-26,train,T3,3,4,5,0.19012349264660586,51,1,-0.011034684763023939,-0.011534684763023939,0.005469710041379312,0.004969710041379312,-0.01650439480440325,0.0054241923733033826,0.0004575466990880732,0.004966645674215309
1996-07-31,1996-07-26,train,T3,3,4,5,0.19012349264660586,51,3,0.0058848835661915455,0.005384883566191545,0.005788648471959988,0.0052886484719599875,9.623509423155752e-05,0.0054241923733033826,0.0004575466990880732,0.004966645674215309
1996-07-31,1996-07-26,train,T3,3,4,5,0.19012349264660586,51,5,0.04462959865287197,0.04412959865287197,0.006301752933612078,0.005801752933612078,0.038327845719259894,0.0054241923733033826,0.0004575466990880732,0.004966645674215309
1996-08-30,1996-08-27,train,T3,3,1,4,0.12406125277741133,45,1,-0.001638647748030242,-0.002138647748030242,3.2792708654880464e-05,-0.00046720729134512,-0.001671440456685122,0.0037575036881432045,-0.0004470061676874717,0.004204509855830676
1996-08-30,1996-08-27,train,T3,3,1,4,0.12406125277741133,45,3,-0.021759157554243846,-0.022259157554243847,-0.0027933072317911866,-0.003293307231791187,-0.01896585032245266,0.0037575036881432045,-0.0004470061676874717,0.004204509855830676
1996-08-30,1996-08-27,train,T3,3,1,4,0.12406125277741133,45,5,-0.014506456938181755,-0.015006456938181756,0.0018514859784671378,0.0013514859784671373,-0.016357942916648893,0.0037575036881432045,-0.0004470061676874717,0.004204509855830676
1996-09-30,1996-09-25,train,T3,3,2,3,0.11816052348644467,34,1,-0.0004550840410200152,-0.0009550840410200152,-0.002417007122825136,-0.0029170071228251365,0.0019619230818051212,0.0006831853594055914,-0.002184561251612071,0.0028677466110176623
1996-09-30,1996-09-25,train,T3,3,2,3,0.11816052348644467,34,3,-0.0004550840410200152,-0.0009550840410200152,-0.00028018774759403604,-0.0007801877475940365,-0.00017489629342597873,0.0006831853594055914,-0.002184561251612071,0.0028677466110176623
1996-09-30,1996-09-25,train,T3,3,2,3,0.11816052348644467,34,5,0.011834414049577413,0.011334414049577413,-0.0005923985945612439,-0.0010923985945612443,0.012426812644138656,0.0006831853594055914,-0.002184561251612071,0.0028677466110176623
1996-10-31,1996-10-28,train,T3,3,0,2,0.09402441973704424,36,1,0.00805314914101718,0.007553149141017179,0.0001406233268238799,-0.00035937667317612043,0.0079125258141933,-0.006666461110420907,0.000263763356749263,-0.00693022446717017
1996-10-31,1996-10-28,train,T3,3,0,2,0.09402441973704424,36,3,0.014317095052631235,0.013817095052631234,0.0010100177098464151,0.0005100177098464146,0.01330707734278482,-0.006666461110420907,0.000263763356749263,-0.00693022446717017
1996-10-31,1996-10-28,train,T3,3,0,2,0.09402441973704424,36,5,0.01744925059882796,0.01694925059882796,0.003178659579551549,0.0026786595795515486,0.01427059101927641,-0.006666461110420907,0.000263763356749263,-0.00693022446717017
1996-11-29,1996-11-25,train,T3,3,0,2,0.09450907437384726,36,1,-0.0032844005589955927,-0.0037844005589955927,0.0001406233268238799,-0.00035937667317612043,-0.003425023885819472,0.012679277151336432,0.000263763356749263,0.01241551379458717
1996-11-29,1996-11-25,train,T3,3,0,2,0.09450907437384726,36,3,-0.0014371084744252416,-0.0019371084744252416,0.0010100177098464151,0.0005100177098464146,-0.002447126184271656,0.012679277151336432,0.000263763356749263,0.01241551379458717
1996-11-29,1996-11-25,train,T3,3,0,2,0.09450907437384726,36,5,-0.018062402186663107,-0.018562402186663107,0.003178659579551549,0.0026786595795515486,-0.021241061766214656,0.012679277151336432,0.000263763356749263,0.01241551379458717
1996-12-31,1996-12-26,train,T3,3,3,5,0.15239701853601387,50,1,0.0012369541237637893,0.0007369541237637893,-0.0005046478654548725,-0.001004647865454873,0.0017416019892186622,0.00768743669282701,0.0038667488487956645,0.0038206878440313454
1996-12-31,1996-12-26,train,T3,3,3,5,0.15239701853601387,50,3,-0.02556717942809561,-0.02606717942809561,0.012492253630936931,0.01199225363093693,-0.03805943305903254,0.00768743669282701,0.0038667488487956645,0.0038206878440313454
1996-12-31,1996-12-26,train,T3,3,3,5,0.15239701853601387,50,5,-0.009072057496889774,-0.009572057496889774,0.013795934386841745,0.013295934386841748,-0.022867991883731523,0.00768743669282701,0.0038667488487956645,0.0038206878440313454
1997-01-31,1997-01-28,train,T3,3,1,4,0.15478158914214254,45,1,0.009771218400413728,0.009271218400413728,3.2792708654880464e-05,-0.00046720729134512,0.009738425691758848,0.002858576018240244,-0.0004470061676874717,0.003305582185927716
1997-01-31,1997-01-28,train,T3,3,1,4,0.15478158914214254,45,3,0.021578940928565826,0.021078940928565826,-0.0027933072317911866,-0.003293307231791187,0.02437224816035701,0.002858576018240244,-0.0004470061676874717,0.003305582185927716
1997-01-31,1997-01-28,train,T3,3,1,4,0.15478158914214254,45,5,0.030944478910239992,0.03044447891023999,0.0018514859784671378,0.0013514859784671373,0.029092992931772855,0.002858576018240244,-0.0004470061676874717,0.003305582185927716
1997-02-28,1997-02-25,train,T3,3,1,4,0.1494995048491281,45,1,-0.009790847972348526,-0.010290847972348527,3.2792708654880464e-05,-0.00046720729134512,-0.009823640681003406,0.0007687309611719151,-0.0004470061676874717,0.0012157371288593869
1997-02-28,1997-02-25,train,T3,3,1,4,0.1494995048491281,45,3,-0.02745223172754585,-0.02795223172754585,-0.0027933072317911866,-0.003293307231791187,-0.024658924495754665,0.0007687309611719151,-0.0004470061676874717,0.0012157371288593869
1997-02-28,1997-02-25,train,T3,3,1,4,0.1494995048491281,45,5,-0.026300683686335202,-0.026800683686335203,0.0018514859784671378,0.0013514859784671373,-0.02815216966480234,0.0007687309611719151,-0.0004470061676874717,0.0012157371288593869
1997-03-31,1997-03-25,train,T3,3,1,4,0.14790559646063356,45,1,0.004364586138489779,0.003864586138489779,3.2792708654880464e-05,-0.00046720729134512,0.004331793429834899,-0.009822412754814547,-0.0004470061676874717,-0.009375406587127075
1997-03-31,1997-03-25,train,T3,3,1,4,0.14790559646063356,45,3,-0.042857561391039245,-0.043357561391039245,-0.0027933072317911866,-0.003293307231791187,-0.04006425415924806,-0.009822412754814547,-0.0004470061676874717,-0.009375406587127075
1997-03-31,1997-03-25,train,T3,3,1,4,0.14790559646063356,45,5,-0.05396905153969733,-0.05446905153969733,0.0018514859784671378,0.0013514859784671373,-0.05582053751816447,-0.009822412754814547,-0.0004470061676874717,-0.009375406587127075
1997-04-30,1997-04-25,train,T3,3,4,5,0.23113471621719434,51,1,0.009799842889978594,0.009299842889978593,0.005469710041379312,0.004969710041379312,0.0043301328485992815,-0.011503439201583032,0.0004575466990880732,-0.011960985900671106
1997-04-30,1997-04-25,train,T3,3,4,5,0.23113471621719434,51,3,0.04654997642358549,0.04604997642358549,0.005788648471959988,0.0052886484719599875,0.04076132795162551,-0.011503439201583032,0.0004575466990880732,-0.011960985900671106
1997-04-30,1997-04-25,train,T3,3,4,5,0.23113471621719434,51,5,0.06410695110667097,0.06360695110667097,0.006301752933612078,0.005801752933612078,0.057805198173058896,-0.011503439201583032,0.0004575466990880732,-0.011960985900671106
1997-05-30,1997-05-27,train,T3,3,1,5,0.19324878920008437,52,1,-0.00018341142427436008,-0.0006834114242743601,-0.003449870728369696,-0.0039498707283696964,0.0032664593040953364,0.004054917300175376,-0.0007687175612450761,0.004823634861420452
1997-05-30,1997-05-27,train,T3,3,1,5,0.19324878920008437,52,3,0.0003671941267355816,-0.0001328058732644184,-0.000711479708435669,-0.0012114797084356694,0.001078673835171251,0.004054917300175376,-0.0007687175612450761,0.004823634861420452
1997-05-30,1997-05-27,train,T3,3,1,5,0.19324878920008437,52,5,-0.007341951888138909,-0.00784195188813891,0.009968943904176816,0.009468943904176817,-0.017310895792315727,0.004054917300175376,-0.0007687175612450761,0.004823634861420452
1997-06-30,1997-06-25,train,T3,3,2,4,0.17057736806271878,49,1,-0.004915085415474141,-0.005415085415474141,-0.0010025334359418715,-0.001502533435941872,-0.00391255197953227,-0.006973598778259094,-0.0008386110205293054,-0.006134987757729788
1997-06-30,1997-06-25,train,T3,3,2,4,0.17057736806271878,49,3,-0.007724807286613733,-0.008224807286613733,-0.002179312020235106,-0.0026793120202351067,-0.005545495266378627,-0.006973598778259094,-0.0008386110205293054,-0.006134987757729788
1997-06-30,1997-06-25,train,T3,3,2,4,0.17057736806271878,49,5,0.020364770735821658,0.019864770735821657,-0.002498323573624951,-0.0029983235736249516,0.022863094309446608,-0.006973598778259094,-0.0008386110205293054,-0.006134987757729788
1997-07-31,1997-07-28,train,T3,3,0,4,0.17267368897325083,38,1,0.0033249166794147023,0.0028249166794147022,0.001160237598261735,0.0006602375982617347,0.0021646790811529677,-0.0006647287950710679,-0.0010293760793063393,0.00036464728423527145
1997-07-31,1997-07-28,train,T3,3,0,4,0.17267368897325083,38,3,0.014299868875487176,0.013799868875487176,-0.00040033425674513906,-0.0009003342567451395,0.014700203132232316,-0.0006647287950710679,-0.0010293760793063393,0.00036464728423527145
1997-07-31,1997-07-28,train,T3,3,0,4,0.17267368897325083,38,5,0.01296992900621774,0.01246992900621774,0.00016243827837128668,-0.00033756172162871376,0.012807490727846453,-0.0006647287950710679,-0.0010293760793063393,0.00036464728423527145
1997-08-29,1997-08-26,train,T3,3,1,5,0.20457899069816365,52,1,0.006019481715569652,0.005519481715569652,-0.003449870728369696,-0.0039498707283696964,0.009469352443939347,-0.014741045431790334,-0.0007687175612450761,-0.013972327870545257
1997-08-29,1997-08-26,train,T3,3,1,5,0.20457899069816365,52,3,-0.005330507397499629,-0.005830507397499629,-0.000711479708435669,-0.0012114797084356694,-0.00461902768906396,-0.014741045431790334,-0.0007687175612450761,-0.013972327870545257
1997-08-29,1997-08-26,train,T3,3,1,5,0.20457899069816365,52,5,0.021496802596453257,0.020996802596453257,0.009968943904176816,0.009468943904176817,0.01152785869227644,-0.014741045431790334,-0.0007687175612450761,-0.013972327870545257
1997-09-30,1997-09-25,train,T3,3,3,4,0.19369218152439752,40,1,0.008338481019184885,0.007838481019184884,-0.000909023705321832,-0.0014090237053218323,0.009247504724506717,-0.006956275646246013,-0.002094188401367664,-0.0048620872448783495
1997-09-30,1997-09-25,train,T3,3,3,4,0.19369218152439752,40,3,0.007338072217596192,0.006838072217596192,0.0005221222754257321,2.2122275425731643e-05,0.00681594994217046,-0.006956275646246013,-0.002094188401367664,-0.0048620872448783495
1997-09-30,1997-09-25,train,T3,3,3,4,0.19369218152439752,40,5,0.026351062465619357,0.025851062465619357,0.0018328323948100856,0.0013328323948100852,0.02451823007080927,-0.006956275646246013,-0.002094188401367664,-0.0048620872448783495
1997-10-31,1997-10-28,train,T3,3,1,5,0.3023881228731605,52,1,-0.002711129747827501,-0.003211129747827501,-0.003449870728369696,-0.0039498707283696964,0.0007387409805421955,0.057706694327677166,-0.0007687175612450761,0.05847541188892224
1997-10-31,1997-10-28,train,T3,3,1,5,0.3023881228731605,52,3,-0.0016943795606136902,-0.0021943795606136902,-0.000711479708435669,-0.0012114797084356694,-0.0009828998521780208,0.057706694327677166,-0.0007687175612450761,0.05847541188892224
1997-10-31,1997-10-28,train,T3,3,1,5,0.3023881228731605,52,5,0.019315260314170857,0.018815260314170856,0.009968943904176816,0.009468943904176817,0.009346316409994039,0.057706694327677166,-0.0007687175612450761,0.05847541188892224
1997-11-28,1997-11-24,train,T3,3,0,5,0.3939467457326773,62,1,0.0026315598315009847,0.0021315598315009847,-1.9491191284218368e-05,-0.0005194911912842188,0.0026510510227852036,-0.018087089589256977,0.003746900141065211,-0.02183398973032219
1997-11-28,1997-11-24,train,T3,3,0,5,0.3939467457326773,62,3,0.006579229761918048,0.006079229761918048,0.000620938437471286,0.00012093843747128554,0.005958291324446762,-0.018087089589256977,0.003746900141065211,-0.02183398973032219
1997-11-28,1997-11-24,train,T3,3,0,5,0.3939467457326773,62,5,0.026315796424908777,0.025815796424908777,0.0018880702786119165,0.001388070278611916,0.02442772614629686,-0.018087089589256977,0.003746900141065211,-0.02183398973032219
1997-12-31,1997-12-26,train,T3,3,4,2,0.1617574490064412,34,1,0.019660356479511032,0.01916035647951103,-0.0009361649819731114,-0.001436164981973112,0.020596521461484142,0.004014298064457744,0.0016437301709888996,0.0023705678934688446
1997-12-31,1997-12-26,train,T3,3,4,2,0.1617574490064412,34,3,0.034987784112336495,0.034487784112336495,-0.0013794202561620103,-0.0018794202561620108,0.0363672043684985,0.004014298064457744,0.0016437301709888996,0.0023705678934688446
1997-12-31,1997-12-26,train,T3,3,4,2,0.1617574490064412,34,5,0.042652663948352876,0.042152663948352875,-0.0038338824268372884,-0.004333882426837289,0.04648654637519017,0.004014298064457744,0.0016437301709888996,0.0023705678934688446
1998-01-30,1998-01-27,train,T3,3,1,4,0.21363389906291227,45,1,0.00903478435529581,0.00853478435529581,3.2792708654880464e-05,-0.00046720729134512,0.009001991646640931,0.010103885024217218,-0.0004470061676874717,0.01055089119190469
1998-01-30,1998-01-27,train,T3,3,1,4,0.21363389906291227,45,3,0.015165984845048497,0.014665984845048496,-0.0027933072317911866,-0.003293307231791187,0.017959292076839682,0.010103885024217218,-0.0004470061676874717,0.01055089119190469
1998-01-30,1998-01-27,train,T3,3,1,4,0.21363389906291227,45,5,0.03969001253223481,0.03919001253223481,0.0018514859784671378,0.0013514859784671373,0.03783852655376767,0.010103885024217218,-0.0004470061676874717,0.01055089119190469
1998-02-27,1998-02-24,train,T3,3,1,1,0.09623163128678265,52,1,0.012409907179725899,0.011909907179725898,-5.50821735003456e-05,-0.0005550821735003461,0.012464989353226244,-0.007807882496622565,-0.0003027015299992254,-0.007505180966623339
1998-02-27,1998-02-24,train,T3,3,1,1,0.09623163128678265,52,3,0.018160088450175138,0.017660088450175138,0.0018225234069569052,0.0013225234069569047,0.016337565043218233,-0.007807882496622565,-0.0003027015299992254,-0.007505180966623339
1998-02-27,1998-02-24,train,T3,3,1,1,0.09623163128678265,52,5,0.02179233611357012,0.02129233611357012,0.0038175046655838586,0.003317504665583858,0.017974831447986263,-0.007807882496622565,-0.0003027015299992254,-0.007505180966623339
1998-03-31,1998-03-26,train,T3,3,3,1,0.11010540606527774,44,1,-0.0042577274311922375,-0.004757727431192238,0.0009245941233579232,0.0004245941233579227,-0.00518232155455016,-0.0005680004968449115,5.504929633453161e-05,-0.0006230497931794431
1998-03-31,1998-03-26,train,T3,3,3,1,0.11010540606527774,44,3,-0.001418940639021371,-0.001918940639021371,0.005113601879469018,0.004613601879469018,-0.006532542518490388,-0.0005680004968449115,5.504929633453161e-05,-0.0006230497931794431
1998-03-31,1998-03-26,train,T3,3,3,1,0.11010540606527774,44,5,0.017599798975863612,0.01709979897586361,0.003780308329666009,0.0032803083296660085,0.013819490646197603,-0.0005680004968449115,5.504929633453161e-05,-0.0006230497931794431
1998-04-30,1998-04-27,train,T3,3,0,1,0.11951156540816021,50,1,-0.00143723021129194,-0.00193723021129194,0.0005096947647216777,9.694764721677184e-06,-0.0019469249760136172,-0.018894811896980834,0.0019899125752538115,-0.020884724472234648
1998-04-30,1998-04-27,train,T3,3,0,1,0.11951156540816021,50,3,0.02414498614234528,0.02364498614234528,0.0020114084365201613,0.0015114084365201608,0.022133577705825122,-0.018894811896980834,0.0019899125752538115,-0.020884724472234648
1998-04-30,1998-04-27,train,T3,3,0,1,0.11951156540816021,50,5,0.03305526327251562,0.03255526327251562,0.0022801224090779003,0.0017801224090779,0.030775140863437724,-0.018894811896980834,0.0019899125752538115,-0.020884724472234648
1998-05-29,1998-05-26,train,T3,3,1,2,0.15435545868474376,42,1,0.0014270414798247533,0.0009270414798247533,-0.0020075253846126005,-0.002507525384612601,0.003434566864437354,-0.016011666354711074,-0.0005367266661031415,-0.015474939688607933
1998-05-29,1998-05-26,train,T3,3,1,2,0.15435545868474376,42,3,-0.003997218771742528,-0.004497218771742528,-0.00019010192457613066,-0.0006901019245761311,-0.003807116847166397,-0.016011666354711074,-0.0005367266661031415,-0.015474939688607933
1998-05-29,1998-05-26,train,T3,3,1,2,0.15435545868474376,42,5,0.0014270414798247533,0.0009270414798247533,0.000737580524856737,0.0002375805248567366,0.0006894609549680167,-0.016011666354711074,-0.0005367266661031415,-0.015474939688607933
1998-06-30,1998-06-25,train,T3,3,3,4,0.20880128078030957,40,1,0.004140019419712759,0.0036400194197127593,-0.000909023705321832,-0.0014090237053218323,0.005049043125034592,-0.0016530949745343637,-0.002094188401367664,0.0004410934268333001
1998-06-30,1998-06-25,train,T3,3,3,4,0.20880128078030957,40,3,0.0008276966794484863,0.00032769667944848634,0.0005221222754257321,2.2122275425731643e-05,0.0003055744040227547,-0.0016530949745343637,-0.002094188401367664,0.0004410934268333001
1998-06-30,1998-06-25,train,T3,3,3,4,0.20880128078030957,40,5,0.014352484242055263,0.013852484242055263,0.0018328323948100856,0.0013328323948100852,0.012519651847245178,-0.0016530949745343637,-0.002094188401367664,0.0004410934268333001
1998-07-31,1998-07-28,train,T3,3,1,2,0.13385855667511287,42,1,-0.003872527453677388,-0.004372527453677388,-0.0020075253846126005,-0.002507525384612601,-0.0018650020690647875,-0.016861838799536844,-0.0005367266661031415,-0.0163251121334337
1998-07-31,1998-07-28,train,T3,3,1,2,0.13385855667511287,42,3,-0.010511617197505374,-0.011011617197505374,-0.00019010192457613066,-0.0006901019245761311,-0.010321515272929243,-0.016861838799536844,-0.0005367266661031415,-0.0163251121334337
1998-07-31,1998-07-28,train,T3,3,1,2,0.13385855667511287,42,5,-0.05283573184534218,-0.05333573184534218,0.000737580524856737,0.0002375805248567366,-0.05357331237019892,-0.016861838799536844,-0.0005367266661031415,-0.0163251121334337
1998-08-31,1998-08-26,train,T3,3,2,5,0.2345851958702852,55,1,-0.047072003307790156,-0.047572003307790156,0.006011890294552636,0.005511890294552636,-0.053083893602342794,-0.005708058723453591,-0.005307634675380757,-0.0004004240480728338
1998-08-31,1998-08-26,train,T3,3,2,5,0.2345851958702852,55,3,-0.11825469573396385,-0.11875469573396386,0.012554192586858123,0.012054192586858123,-0.130808888320822,-0.005708058723453591,-0.005307634675380757,-0.0004004240480728338
1998-08-31,1998-08-26,train,T3,3,2,5,0.2345851958702852,55,5,-0.0875429161583815,-0.0880429161583815,0.014313137636893628,0.01381313763689363,-0.10185605379527513,-0.005708058723453591,-0.005307634675380757,-0.0004004240480728338
1998-09-30,1998-09-25,train,T3,3,4,5,0.4844052854604574,51,1,0.008993146586116385,0.008493146586116385,0.005469710041379312,0.004969710041379312,0.0035234365447370727,-0.0011973184620435173,0.0004575466990880732,-0.0016548651611315904
1998-09-30,1998-09-25,train,T3,3,4,5,0.4844052854604574,51,3,-0.02398130865534409,-0.02448130865534409,0.005788648471959988,0.0052886484719599875,-0.02976995712730408,-0.0011973184620435173,0.0004575466990880732,-0.0016548651611315904
1998-09-30,1998-09-25,train,T3,3,4,5,0.4844052854604574,51,5,-0.033872570671378055,-0.034372570671378055,0.006301752933612078,0.005801752933612078,-0.04017432360499013,-0.0011973184620435173,0.0004575466990880732,-0.0016548651611315904
1998-10-30,1998-10-27,train,T3,3,1,4,0.30168699616381717,45,1,-0.001752612144040433,-0.002252612144040433,3.2792708654880464e-05,-0.00046720729134512,-0.001785404852695313,-0.005807880582485603,-0.0004470061676874717,-0.0053608744147981315
1998-10-30,1998-10-27,train,T3,3,1,4,0.30168699616381717,45,3,0.028037513997760444,0.027537513997760443,-0.0027933072317911866,-0.003293307231791187,0.03083082122955163,-0.005807880582485603,-0.0004470061676874717,-0.0053608744147981315
1998-10-30,1998-10-27,train,T3,3,1,4,0.30168699616381717,45,5,0.03796701618650111,0.03746701618650111,0.0018514859784671378,0.0013514859784671373,0.03611553020803397,-0.005807880582485603,-0.0004470061676874717,-0.0053608744147981315
1998-11-30,1998-11-24,train,T3,3,1,2,0.1519119897690174,42,1,0.0,-0.0005,-0.0020075253846126005,-0.002507525384612601,0.002007525384612601,-0.00628308537920208,-0.0005367266661031415,-0.005746358713098938
1998-11-30,1998-11-24,train,T3,3,1,2,0.1519119897690174,42,3,-0.021074788326557403,-0.021574788326557404,-0.00019010192457613066,-0.0006901019245761311,-0.020884686401981274,-0.00628308537920208,-0.0005367266661031415,-0.005746358713098938
1998-11-30,1998-11-24,train,T3,3,1,2,0.1519119897690174,42,5,-0.011328032636454322,-0.011828032636454322,0.000737580524856737,0.0002375805248567366,-0.01206561316131106,-0.00628308537920208,-0.0005367266661031415,-0.005746358713098938
1998-12-31,1998-12-28,train,T3,3,0,4,0.2476037594356242,38,1,0.01583254277819046,0.015332542778190461,0.001160237598261735,0.0006602375982617347,0.014672305179928727,-0.0025474323906737872,-0.0010293760793063393,-0.001518056311367448
1998-12-31,1998-12-28,train,T3,3,0,4,0.2476037594356242,38,3,0.007660806981215185,0.007160806981215184,-0.00040033425674513906,-0.0009003342567451395,0.008061141237960324,-0.0025474323906737872,-0.0010293760793063393,-0.001518056311367448
1998-12-31,1998-12-28,train,T3,3,0,4,0.2476037594356242,38,5,0.01685379552161015,0.01635379552161015,0.00016243827837128668,-0.00033756172162871376,0.016691357243238863,-0.0025474323906737872,-0.0010293760793063393,-0.001518056311367448
1999-01-29,1999-01-26,train,T3,3,1,4,0.2154879613255533,45,1,-0.011650816660112917,-0.012150816660112917,3.2792708654880464e-05,-0.00046720729134512,-0.011683609368767797,0.01817271251270225,-0.0004470061676874717,0.01861971868038972
1999-01-29,1999-01-26,train,T3,3,1,4,0.2154879613255533,45,3,0.012642587914248438,0.012142587914248437,-0.0027933072317911866,-0.003293307231791187,0.015435895146039625,0.01817271251270225,-0.0004470061676874717,0.01861971868038972
1999-01-29,1999-01-26,train,T3,3,1,4,0.2154879613255533,45,5,0.0004959834927924511,-4.01650720754888e-06,0.0018514859784671378,0.0013514859784671373,-0.0013555024856746862,0.01817271251270225,-0.0004470061676874717,0.01861971868038972
1999-02-26,1999-02-23,train,T3,3,1,3,0.2124236149510319,44,1,-0.017646931894129247,-0.018146931894129248,-0.00026600952680538354,-0.0007660095268053839,-0.017380922367323862,-0.000489957752024317,0.0005577714340247856,-0.0010477291860491026
1999-02-26,1999-02-23,train,T3,3,1,3,0.2124236149510319,44,3,-0.03088217919588765,-0.03138217919588765,-0.0028871408548779313,-0.0033871408548779318,-0.027995038341009717,-0.000489957752024317,0.0005577714340247856,-0.0010477291860491026
1999-02-26,1999-02-23,train,T3,3,1,3,0.2124236149510319,44,5,-0.03676465109780247,-0.03726465109780247,-0.0033639696729622763,-0.0038639696729622767,-0.03340068142484019,-0.000489957752024317,0.0005577714340247856,-0.0010477291860491026
1999-03-31,1999-03-26,train,T3,3,4,3,0.19936641240558162,47,1,0.020174991350757843,0.019674991350757842,0.0010057302325003454,0.000505730232500345,0.019169261118257497,-0.0072390940540514315,0.0019813075613381455,-0.009220401615389577
1999-03-31,1999-03-26,train,T3,3,4,3,0.19936641240558162,47,3,-0.0014586441779352866,-0.0019586441779352866,0.0016935910313479823,0.0011935910313479819,-0.0031522352092832684,-0.0072390940540514315,0.0019813075613381455,-0.009220401615389577
1999-03-31,1999-03-26,train,T3,3,4,3,0.19936641240558162,47,5,0.02989765845344472,0.02939765845344472,0.0018938767936056257,0.0013938767936056253,0.028003781659839095,-0.0072390940540514315,0.0019813075613381455,-0.009220401615389577
1999-04-30,1999-04-27,train,T3,3,1,3,0.20648442939868739,44,1,-0.013661194345706784,-0.014161194345706785,-0.00026600952680538354,-0.0007660095268053839,-0.0133951848189014,0.004804588993378989,0.0005577714340247856,0.0042468175593542035
1999-04-30,1999-04-27,train,T3,3,1,3,0.20648442939868739,44,3,-0.02914405463473424,-0.02964405463473424,-0.0028871408548779313,-0.0033871408548779318,-0.026256913779856308,0.004804588993378989,0.0005577714340247856,0.0042468175593542035
1999-04-30,1999-04-27,train,T3,3,1,3,0.20648442939868739,44,5,-0.025500722748092675,-0.026000722748092675,-0.0033639696729622763,-0.0038639696729622767,-0.022136753075130397,0.004804588993378989,0.0005577714340247856,0.0042468175593542035
1999-05-28,1999-05-25,train,T3,3,1,1,0.17242643261712204,52,1,0.011143198177445246,0.010643198177445246,-5.50821735003456e-05,-0.0005550821735003461,0.011198280350945592,-0.016205614138036895,-0.0003027015299992254,-0.01590291260803767
1999-05-28,1999-05-25,train,T3,3,1,1,0.17242643261712204,52,3,0.009325909877269112,0.008825909877269111,0.0018225234069569052,0.0013225234069569047,0.007503386470312207,-0.016205614138036895,-0.0003027015299992254,-0.01590291260803767
1999-05-28,1999-05-25,train,T3,3,1,1,0.17242643261712204,52,5,0.006782297772533807,0.006282297772533807,0.0038175046655838586,0.003317504665583858,0.0029647931069499488,-0.016205614138036895,-0.0003027015299992254,-0.01590291260803767
1999-06-30,1999-06-25,train,T3,3,4,1,0.15009834356777485,50,1,0.012219232721065731,0.011719232721065731,0.0020065134982233525,0.0015065134982233518,0.010212719222842379,-0.002484891815014656,0.0009693449467277304,-0.0034542367617423865
1999-06-30,1999-06-25,train,T3,3,4,1,0.15009834356777485,50,3,0.04021832975279516,0.039718329752795156,0.0033899477181712646,0.002889947718171264,0.036828382034623894,-0.002484891815014656,0.0009693449467277304,-0.0034542367617423865
1999-06-30,1999-06-25,train,T3,3,4,1,0.15009834356777485,50,5,0.05848853061665227,0.05798853061665227,0.004519080626336392,0.004019080626336391,0.053969449990315874,-0.002484891815014656,0.0009693449467277304,-0.0034542367617423865
1999-07-30,1999-07-27,train,T3,3,1,1,0.1439236381561671,52,1,0.0032201247592897886,0.0027201247592897886,-5.50821735003456e-05,-0.0005550821735003461,0.0032752069327901348,0.008348814251654124,-0.0003027015299992254,0.00865151578165335
1999-07-30,1999-07-27,train,T3,3,1,1,0.1439236381561671,52,3,-0.02299872379821921,-0.023498723798219212,0.0018225234069569052,0.0013225234069569047,-0.024821247205176117,0.008348814251654124,-0.0003027015299992254,0.00865151578165335
1999-07-30,1999-07-27,train,T3,3,1,1,0.1439236381561671,52,5,-0.02529881291199776,-0.02579881291199776,0.0038175046655838586,0.003317504665583858,-0.029116317577581617,0.008348814251654124,-0.0003027015299992254,0.00865151578165335
1999-08-31,1999-08-26,train,T3,3,3,2,0.17585154354051002,38,1,-0.012113803246885158,-0.012613803246885158,0.00011134435290168308,-0.0003886556470983174,-0.01222514759978684,-0.011969253437103533,-0.0008060359305217038,-0.01116321750658183
1999-08-31,1999-08-26,train,T3,3,3,2,0.17585154354051002,38,3,-0.03405722076909434,-0.03455722076909434,0.002343924803604838,0.0018439248036048374,-0.03640114557269918,-0.011969253437103533,-0.0008060359305217038,-0.01116321750658183
1999-08-31,1999-08-26,train,T3,3,3,2,0.17585154354051002,38,5,-0.033714202017402606,-0.034214202017402606,0.00043162138309309423,-6.837861690690618e-05,-0.0341458234004957,-0.011969253437103533,-0.0008060359305217038,-0.01116321750658183
1999-09-30,1999-09-27,train,T3,3,0,3,0.19796764330078198,46,1,-0.0019439373418469463,-0.0024439373418469463,0.000916236836269199,0.0004162368362691986,-0.002860174178116145,0.006605056760425665,-0.000680179867075231,0.0072852366275008955
1999-09-30,1999-09-27,train,T3,3,0,3,0.19796764330078198,46,3,0.0012152700797880556,0.0007152700797880556,-0.0005007303240408545,-0.001000730324040855,0.0017160004038289105,0.006605056760425665,-0.000680179867075231,0.0072852366275008955
1999-09-30,1999-09-27,train,T3,3,0,3,0.19796764330078198,46,5,0.016768005779098205,0.016268005779098205,-0.0023059649897345246,-0.002805964989734525,0.01907397076883273,0.006605056760425665,-0.000680179867075231,0.0072852366275008955
1999-10-29,1999-10-26,train,T3,3,1,4,0.20391625764511528,45,1,0.01809272406202478,0.017592724062024778,3.2792708654880464e-05,-0.00046720729134512,0.018059931353369897,-0.012554456875675024,-0.0004470061676874717,-0.012107450707987553
1999-10-29,1999-10-26,train,T3,3,1,4,0.20391625764511528,45,3,0.071883042149407,0.071383042149407,-0.0027933072317911866,-0.003293307231791187,0.07467634938119819,-0.012554456875675024,-0.0004470061676874717,-0.012107450707987553
1999-10-29,1999-10-26,train,T3,3,1,4,0.20391625764511528,45,5,0.05305652655157411,0.05255652655157411,0.0018514859784671378,0.0013514859784671373,0.05120504057310697,-0.012554456875675024,-0.0004470061676874717,-0.012107450707987553
1999-11-30,1999-11-24,train,T3,3,2,1,0.16836673672684727,52,1,-0.003742404785093134,-0.004242404785093135,-0.00024449693988278274,-0.0007444969398827832,-0.003497907845210351,0.005310617214121516,-0.0007002862379918322,0.006010903452113348
1999-11-30,1999-11-24,train,T3,3,2,1,0.16836673672684727,52,3,-0.018930335180604496,-0.019430335180604497,0.003020372085287367,0.0025203720852873665,-0.021950707265891864,0.005310617214121516,-0.0007002862379918322,0.006010903452113348
1999-11-30,1999-11-24,train,T3,3,2,1,0.16836673672684727,52,5,-0.005063045670404276,-0.005563045670404276,0.0036061668597371,0.0031061668597370997,-0.008669212530141376,0.005310617214121516,-0.0007002862379918322,0.006010903452113348
1999-12-31,1999-12-28,train,T3,3,1,1,0.13864520688833196,52,1,0.00427509531128023,0.0037750953112802303,-5.50821735003456e-05,-0.0005550821735003461,0.004330177484780576,-0.0006409950994163971,-0.0003027015299992254,-0.0003382935694171717
1999-12-31,1999-12-28,train,T3,3,1,1,0.13864520688833196,52,3,0.004702504648775863,0.004202504648775862,0.0018225234069569052,0.0013225234069569047,0.0028799812418189574,-0.0006409950994163971,-0.0003027015299992254,-0.0003382935694171717
1999-12-31,1999-12-28,train,T3,3,1,1,0.13864520688833196,52,5,-0.04403585295549095,-0.04453585295549095,0.0038175046655838586,0.003317504665583858,-0.04785335762107481,-0.0006409950994163971,-0.0003027015299992254,-0.0003382935694171717
2000-01-31,2000-01-26,train,T3,3,2,5,0.30833098448115953,55,1,-0.003995162464161428,-0.0044951624641614285,0.006011890294552636,0.005511890294552636,-0.010007052758714064,-0.007926132606253744,-0.005307634675380757,-0.002618497930872987
2000-01-31,2000-01-26,train,T3,3,2,5,0.30833098448115953,55,3,-0.008877512774291385,-0.009377512774291386,0.012554192586858123,0.012054192586858123,-0.02143170536114951,-0.007926132606253744,-0.005307634675380757,-0.002618497930872987
2000-01-31,2000-01-26,train,T3,3,2,5,0.30833098448115953,55,5,0.0017752425095687308,0.0012752425095687307,0.014313137636893628,0.01381313763689363,-0.0125378951273249,-0.007926132606253744,-0.005307634675380757,-0.002618497930872987
2000-02-29,2000-02-24,train,T3,3,3,5,0.23380990204353283,50,1,-0.0036202827047741026,-0.004120282704774103,-0.0005046478654548725,-0.001004647865454873,-0.0031156348393192304,-0.020137186707204435,0.0038667488487956645,-0.0240039355560001
2000-02-29,2000-02-24,train,T3,3,3,5,0.23380990204353283,50,3,0.02709013882752065,0.02659013882752065,0.012492253630936931,0.01199225363093693,0.014597885196583718,-0.020137186707204435,0.0038667488487956645,-0.0240039355560001
2000-02-29,2000-02-24,train,T3,3,3,5,0.23380990204353283,50,5,0.03526375550535832,0.03476375550535832,0.013795934386841745,0.013295934386841748,0.02146782111851657,-0.020137186707204435,0.0038667488487956645,-0.0240039355560001
2000-03-31,2000-03-28,train,T3,3,1,5,0.2625983525661385,52,1,0.0010342802697236309,0.0005342802697236308,-0.003449870728369696,-0.0039498707283696964,0.004484150998093328,-0.005758870726702003,-0.0007687175612450761,-0.0049901531654569274
2000-03-31,2000-03-28,train,T3,3,1,5,0.2625983525661385,52,3,-0.0045510588537953645,-0.005051058853795365,-0.000711479708435669,-0.0012114797084356694,-0.0038395791453596957,-0.005758870726702003,-0.0007687175612450761,-0.0049901531654569274
2000-03-31,2000-03-28,train,T3,3,1,5,0.2625983525661385,52,5,-0.006206245785870035,-0.006706245785870035,0.009968943904176816,0.009468943904176817,-0.016175189690046853,-0.005758870726702003,-0.0007687175612450761,-0.0049901531654569274
2000-04-28,2000-04-25,train,T3,3,1,5,0.30293082273940786,52,1,-0.01128445850171611,-0.01178445850171611,-0.003449870728369696,-0.0039498707283696964,-0.007834587773346415,0.04151983278097493,-0.0007687175612450761,0.042288550342220003
2000-04-28,2000-04-25,train,T3,3,1,5,0.30293082273940786,52,3,-0.02067056078548768,-0.02117056078548768,-0.000711479708435669,-0.0012114797084356694,-0.01995908107705201,0.04151983278097493,-0.0007687175612450761,0.042288550342220003
2000-04-28,2000-04-25,train,T3,3,1,5,0.30293082273940786,52,5,-0.027209169830525237,-0.027709169830525238,0.009968943904176816,0.009468943904176817,-0.037178113734702055,0.04151983278097493,-0.0007687175612450761,0.042288550342220003
2000-05-31,2000-05-25,train,T3,3,3,4,0.23049067566187953,40,1,0.0011339944399915147,0.0006339944399915147,-0.000909023705321832,-0.0014090237053218323,0.002043018145313347,-0.017156983171067397,-0.002094188401367664,-0.015062794769699734
2000-05-31,2000-05-25,train,T3,3,3,4,0.23049067566187953,40,3,0.03604643203342195,0.03554643203342195,0.0005221222754257321,2.2122275425731643e-05,0.03552430975799622,-0.017156983171067397,-0.002094188401367664,-0.015062794769699734
2000-05-31,2000-05-25,train,T3,3,3,4,0.23049067566187953,40,5,0.0725460555515074,0.07204605555150739,0.0018328323948100856,0.0013328323948100852,0.07071322315669731,-0.017156983171067397,-0.002094188401367664,-0.015062794769699734
2000-06-30,2000-06-27,train,T3,3,1,2,0.19307580557864853,42,1,0.0027989354522759413,0.0022989354522759413,-0.0020075253846126005,-0.002507525384612601,0.004806460836888542,-0.007372805524271664,-0.0005367266661031415,-0.006836078858168522
2000-06-30,2000-06-27,train,T3,3,1,2,0.19307580557864853,42,3,0.0008611272306906503,0.0003611272306906503,-0.00019010192457613066,-0.0006901019245761311,0.0010512291552667815,-0.007372805524271664,-0.0005367266661031415,-0.006836078858168522
2000-06-30,2000-06-27,train,T3,3,1,2,0.19307580557864853,42,5,-0.003659393261351007,-0.004159393261351008,0.000737580524856737,0.0002375805248567366,-0.004396973786207744,-0.007372805524271664,-0.0005367266661031415,-0.006836078858168522
2000-07-31,2000-07-26,train,T3,3,2,1,0.16102498560511702,52,1,-0.0034280363413484727,-0.003928036341348473,-0.00024449693988278274,-0.0007444969398827832,-0.0031835394014656897,-0.009757970247202818,-0.0007002862379918322,-0.009057684009210986
2000-07-31,2000-07-26,train,T3,3,2,1,0.16102498560511702,52,3,-0.019708752633580406,-0.020208752633580407,0.003020372085287367,0.0025203720852873665,-0.022729124718867774,-0.009757970247202818,-0.0007002862379918322,-0.009057684009210986
2000-07-31,2000-07-26,train,T3,3,2,1,0.16102498560511702,52,5,-0.008783083735595443,-0.009283083735595443,0.0036061668597371,0.0031061668597370997,-0.012389250595332543,-0.009757970247202818,-0.0007002862379918322,-0.009057684009210986
2000-08-31,2000-08-28,train,T3,3,0,1,0.08997665546099906,50,1,0.0002058462413412343,-0.0002941537586587657,0.0005096947647216777,9.694764721677184e-06,-0.0003038485233804429,0.003409085798685485,0.0019899125752538115,0.0014191732234316735
2000-08-31,2000-08-28,train,T3,3,0,1,0.08997665546099906,50,3,0.0038086356659985388,0.0033086356659985387,0.0020114084365201613,0.0015114084365201608,0.001797227229478378,0.003409085798685485,0.0019899125752538115,0.0014191732234316735
2000-08-31,2000-08-28,train,T3,3,0,1,0.08997665546099906,50,5,-0.003191337042567355,-0.003691337042567355,0.0022801224090779003,0.0017801224090779,-0.005471459451645255,0.003409085798685485,0.0019899125752538115,0.0014191732234316735
2000-09-29,2000-09-26,train,T3,3,1,2,0.15867289019815248,42,1,0.005266866927572389,0.0047668669275723885,-0.0020075253846126005,-0.002507525384612601,0.007274392312184989,-0.012781208680984868,-0.0005367266661031415,-0.012244482014881727
2000-09-29,2000-09-26,train,T3,3,1,2,0.15867289019815248,42,3,0.00855835034291852,0.008058350342918519,-0.00019010192457613066,-0.0006901019245761311,0.00874845226749465,-0.012781208680984868,-0.0005367266661031415,-0.012244482014881727
2000-09-29,2000-09-26,train,T3,3,1,2,0.15867289019815248,42,5,0.0006584328107985815,0.0001584328107985815,0.000737580524856737,0.0002375805248567366,-7.914771405815509e-05,-0.012781208680984868,-0.0005367266661031415,-0.012244482014881727
2000-10-31,2000-10-26,train,T3,3,3,5,0.27336414737415654,50,1,0.018976108125931868,0.018476108125931867,-0.0005046478654548725,-0.001004647865454873,0.01948075599138674,0.0027505809853489716,0.0038667488487956645,-0.001116167863446693
2000-10-31,2000-10-26,train,T3,3,3,5,0.27336414737415654,50,3,0.045839087510171295,0.045339087510171294,0.012492253630936931,0.01199225363093693,0.033346833879234365,0.0027505809853489716,0.0038667488487956645,-0.001116167863446693
2000-10-31,2000-10-26,train,T3,3,3,5,0.27336414737415654,50,5,0.0440104559080845,0.0435104559080845,0.013795934386841745,0.013295934386841748,0.03021452152124275,0.0027505809853489716,0.0038667488487956645,-0.001116167863446693
2000-11-30,2000-11-27,train,T3,3,0,3,0.23453094678710293,46,1,-0.01722974838566016,-0.01772974838566016,0.000916236836269199,0.0004162368362691986,-0.01814598522192936,0.008806696014532989,-0.000680179867075231,0.00948687588160822
2000-11-30,2000-11-27,train,T3,3,0,3,0.23453094678710293,46,3,-0.02756757960365175,-0.02806757960365175,-0.0005007303240408545,-0.001000730324040855,-0.027066849279610894,0.008806696014532989,-0.000680179867075231,0.00948687588160822
2000-11-30,2000-11-27,train,T3,3,0,3,0.23453094678710293,46,5,-0.019757292362502787,-0.020257292362502788,-0.0023059649897345246,-0.002805964989734525,-0.017451327372768263,0.008806696014532989,-0.000680179867075231,0.00948687588160822
2000-12-29,2000-12-26,train,T3,3,1,5,0.29341634229239394,52,1,0.007319752909966892,0.006819752909966892,-0.003449870728369696,-0.0039498707283696964,0.010769623638336587,0.010740366483134256,-0.0007687175612450761,0.011509084044379333
2000-12-29,2000-12-26,train,T3,3,1,5,0.29341634229239394,52,3,-0.008737156434802107,-0.009237156434802107,-0.000711479708435669,-0.0012114797084356694,-0.008025676726366438,0.010740366483134256,-0.0007687175612450761,0.011509084044379333
2000-12-29,2000-12-26,train,T3,3,1,5,0.29341634229239394,52,5,0.020069904552977524,0.019569904552977524,0.009968943904176816,0.009468943904176817,0.010100960648800707,0.010740366483134256,-0.0007687175612450761,0.011509084044379333
2001-01-31,2001-01-26,train,T3,3,4,4,0.25460879780437096,34,1,0.00533603176674613,0.0048360317667461294,-0.00132570694670774,-0.0018257069467077405,0.00666173871345387,-0.0011491805406849132,0.0022078638918464656,-0.0033570444325313788
2001-01-31,2001-01-26,train,T3,3,4,4,0.25460879780437096,34,3,0.008427507663794964,0.007927507663794964,-0.002577466490418649,-0.0030774664904186493,0.011004974154213613,-0.0011491805406849132,0.0022078638918464656,-0.0033570444325313788
2001-01-31,2001-01-26,train,T3,3,4,4,0.25460879780437096,34,5,-0.00791181719684142,-0.00841181719684142,-0.0009824867596311632,-0.0014824867596311636,-0.006929330437210257,-0.0011491805406849132,0.0022078638918464656,-0.0033570444325313788
2001-02-28,2001-02-23,train,T3,3,4,2,0.17054160561620435,34,1,0.021287045497625945,0.020787045497625944,-0.0009361649819731114,-0.001436164981973112,0.022223210479599055,-0.006756704211486331,0.0016437301709888996,-0.00840043438247523
2001-02-28,2001-02-23,train,T3,3,4,2,0.17054160561620435,34,3,-0.008081986182588485,-0.008581986182588486,-0.0013794202561620103,-0.0018794202561620108,-0.006702565926426475,-0.006756704211486331,0.0016437301709888996,-0.00840043438247523
2001-02-28,2001-02-23,train,T3,3,4,2,0.17054160561620435,34,5,-0.010803014648219311,-0.011303014648219312,-0.0038338824268372884,-0.004333882426837289,-0.006969132221382022,-0.006756704211486331,0.0016437301709888996,-0.00840043438247523
2001-03-30,2001-03-27,train,T3,3,1,5,0.29999147715194335,52,1,-0.02763954762670595,-0.028139547626705952,-0.003449870728369696,-0.0039498707283696964,-0.024189676898336256,0.02044170669236789,-0.0007687175612450761,0.021210424253612966
2001-03-30,2001-03-27,train,T3,3,1,5,0.29999147715194335,52,3,-0.013693057891917437,-0.014193057891917438,-0.000711479708435669,-0.0012114797084356694,-0.012981578183481769,0.02044170669236789,-0.0007687175612450761,0.021210424253612966
2001-03-30,2001-03-27,train,T3,3,1,5,0.29999147715194335,52,5,-0.06694317109113457,-0.06744317109113457,0.009968943904176816,0.009468943904176817,-0.07691211499531139,0.02044170669236789,-0.0007687175612450761,0.021210424253612966
2001-04-30,2001-04-25,train,T3,3,2,5,0.32004168810194433,55,1,0.004465203055487921,0.00396520305548792,0.006011890294552636,0.005511890294552636,-0.0015466872390647157,0.013077961458601184,-0.005307634675380757,0.01838559613398194
2001-04-30,2001-04-25,train,T3,3,2,5,0.32004168810194433,55,3,0.0283348455331196,0.0278348455331196,0.012554192586858123,0.012054192586858123,0.015780652946261478,0.013077961458601184,-0.005307634675380757,0.01838559613398194
2001-04-30,2001-04-25,train,T3,3,2,5,0.32004168810194433,55,5,0.029633182419804616,0.029133182419804615,0.014313137636893628,0.01381313763689363,0.015320044782910986,0.013077961458601184,-0.005307634675380757,0.01838559613398194
2001-05-31,2001-05-25,train,T3,3,4,2,0.16056382520405335,34,1,-0.007962575434665276,-0.008462575434665276,-0.0009361649819731114,-0.001436164981973112,-0.0070264104526921636,-0.011802753288091106,0.0016437301709888996,-0.013446483459080005
2001-05-31,2001-05-25,train,T3,3,4,2,0.16056382520405335,34,3,-0.016783822184790465,-0.017283822184790465,-0.0013794202561620103,-0.0018794202561620108,-0.015404401928628454,-0.011802753288091106,0.0016437301709888996,-0.013446483459080005
2001-05-31,2001-05-25,train,T3,3,4,2,0.16056382520405335,34,5,-0.0059332109633453145,-0.006433210963345315,-0.0038338824268372884,-0.004333882426837289,-0.0020993285365080256,-0.011802753288091106,0.0016437301709888996,-0.013446483459080005
2001-06-29,2001-06-26,train,T3,3,1,1,0.1416612379598991,52,1,-0.0005762519372283226,-0.0010762519372283226,-5.50821735003456e-05,-0.0005550821735003461,-0.0005211697637279765,-0.0013959364187229317,-0.0003027015299992254,-0.0010932348887237064
2001-06-29,2001-06-26,train,T3,3,1,1,0.1416612379598991,52,3,0.008638244826135066,0.008138244826135066,0.0018225234069569052,0.0013225234069569047,0.006815721419178161,-0.0013959364187229317,-0.0003027015299992254,-0.0010932348887237064
2001-06-29,2001-06-26,train,T3,3,1,1,0.1416612379598991,52,5,0.02097889105448658,0.02047889105448658,0.0038175046655838586,0.003317504665583858,0.017161386388902723,-0.0013959364187229317,-0.0003027015299992254,-0.0010932348887237064
2001-07-31,2001-07-26,train,T3,3,3,3,0.1944280575356834,36,1,0.0038225615973592753,0.0033225615973592752,0.001091203500942467,0.0005912035009424665,0.0027313580964168087,0.010495646288157134,-0.0006109524625397143,0.011106598750696849
2001-07-31,2001-07-26,train,T3,3,3,3,0.1944280575356834,36,3,0.008308966141713947,0.007808966141713947,0.0009917520869037713,0.0004917520869037709,0.007317214054810176,0.010495646288157134,-0.0006109524625397143,0.011106598750696849
2001-07-31,2001-07-26,train,T3,3,3,3,0.1944280575356834,36,5,0.01877874057684359,0.01827874057684359,0.002801489616343852,0.0023014896163438517,0.015977250960499737,0.010495646288157134,-0.0006109524625397143,0.011106598750696849
2001-08-31,2001-08-28,train,T3,3,1,2,0.16080237292487387,42,1,-0.008920370650864595,-0.009420370650864596,-0.0020075253846126005,-0.002507525384612601,-0.006912845266251995,-0.014622641030509365,-0.0005367266661031415,-0.014085914364406224
2001-08-31,2001-08-28,train,T3,3,1,2,0.16080237292487387,42,3,-0.020844113758862637,-0.021344113758862637,-0.00019010192457613066,-0.0006901019245761311,-0.020654011834286508,-0.014622641030509365,-0.0005367266661031415,-0.014085914364406224
2001-08-31,2001-08-28,train,T3,3,1,2,0.16080237292487387,42,5,-0.024703944012884005,-0.025203944012884005,0.000737580524856737,0.0002375805248567366,-0.02544152453774074,-0.014622641030509365,-0.0005367266661031415,-0.014085914364406224
2001-09-28,2001-09-25,train,T3,3,1,5,0.3088108400285465,52,1,-0.003538101454900411,-0.004038101454900411,-0.003449870728369696,-0.0039498707283696964,-8.823072653071484e-05,0.010427044262915297,-0.0007687175612450761,0.011195761824160374
2001-09-28,2001-09-25,train,T3,3,1,5,0.3088108400285465,52,3,0.026437434576526364,0.025937434576526364,-0.000711479708435669,-0.0012114797084356694,0.027148914284962033,0.010427044262915297,-0.0007687175612450761,0.011195761824160374
2001-09-28,2001-09-25,train,T3,3,1,5,0.3088108400285465,52,5,0.03764157933735568,0.03714157933735568,0.009968943904176816,0.009468943904176817,0.027672635433178862,0.010427044262915297,-0.0007687175612450761,0.011195761824160374
2001-10-31,2001-10-26,train,T3,3,4,2,0.18765563502898125,34,1,-0.026015001282216454,-0.026515001282216455,-0.0009361649819731114,-0.001436164981973112,-0.025078836300243344,-0.002261209285894239,0.0016437301709888996,-0.0039049394568831386
2001-10-31,2001-10-26,train,T3,3,4,2,0.18765563502898125,34,3,-0.040970939463326195,-0.041470939463326195,-0.0013794202561620103,-0.0018794202561620108,-0.03959151920716419,-0.002261209285894239,0.0016437301709888996,-0.0039049394568831386
2001-10-31,2001-10-26,train,T3,3,4,2,0.18765563502898125,34,5,-0.009698308125087096,-0.010198308125087097,-0.0038338824268372884,-0.004333882426837289,-0.005864425698249807,-0.002261209285894239,0.0016437301709888996,-0.0039049394568831386
2001-11-30,2001-11-27,train,T3,3,1,3,0.1952681682450428,44,1,-0.01810571038452491,-0.01860571038452491,-0.00026600952680538354,-0.0007660095268053839,-0.017839700857719524,-0.00431322055831862,0.0005577714340247856,-0.004870991992343405
2001-11-30,2001-11-27,train,T3,3,1,3,0.1952681682450428,44,3,-0.011955427503859362,-0.012455427503859362,-0.0028871408548779313,-0.0033871408548779318,-0.00906828664898143,-0.00431322055831862,0.0005577714340247856,-0.004870991992343405
2001-11-30,2001-11-27,train,T3,3,1,3,0.1952681682450428,44,5,-0.0012125974945595974,-0.0017125974945595974,-0.0033639696729622763,-0.0038639696729622767,0.0021513721784026793,-0.00431322055831862,0.0005577714340247856,-0.004870991992343405
2001-12-31,2001-12-26,train,T3,3,2,2,0.179629191788089,42,1,0.006068513966194011,0.005568513966194011,0.0017480419990514226,0.0012480419990514222,0.0043204719671425884,0.005490495947149565,-0.0005405006450791032,0.006030996592228668
2001-12-31,2001-12-26,train,T3,3,2,2,0.179629191788089,42,3,-0.009188217495110451,-0.009688217495110452,0.0005476998531079937,4.769985310799323e-05,-0.009735917348218446,0.005490495947149565,-0.0005405006450791032,0.006030996592228668
2001-12-31,2001-12-26,train,T3,3,2,2,0.179629191788089,42,5,0.012829491288587569,0.012329491288587568,0.002886875475140496,0.0023868754751404956,0.009942615813447072,0.005490495947149565,-0.0005405006450791032,0.006030996592228668
2002-01-31,2002-01-28,train,T3,3,0,1,0.13988595628476985,50,1,-0.0314421916363018,-0.0319421916363018,0.0005096947647216777,9.694764721677184e-06,-0.03195188640102348,0.0027299776692615296,0.0019899125752538115,0.0007400650940077181
2002-01-31,2002-01-28,train,T3,3,0,1,0.13988595628476985,50,3,-0.005972693475161495,-0.006472693475161495,0.0020114084365201613,0.0015114084365201608,-0.007984101911681656,0.0027299776692615296,0.0019899125752538115,0.0007400650940077181
2002-01-31,2002-01-28,train,T3,3,0,1,0.13988595628476985,50,5,-0.03521858134991607,-0.03571858134991607,0.0022801224090779003,0.0017801224090779,-0.037498703758993966,0.0027299776692615296,0.0019899125752538115,0.0007400650940077181
2002-02-28,2002-02-25,train,T3,3,0,4,0.23056988214195862,38,1,-0.0020640188270021342,-0.0025640188270021342,0.001160237598261735,0.0006602375982617347,-0.003224256425263869,0.016508999623304765,-0.0010293760793063393,0.017538375702611103
2002-02-28,2002-02-25,train,T3,3,0,4,0.23056988214195862,38,3,-0.002692384575247453,-0.003192384575247453,-0.00040033425674513906,-0.0009003342567451395,-0.0022920503185023134,0.016508999623304765,-0.0010293760793063393,0.017538375702611103
2002-02-28,2002-02-25,train,T3,3,0,4,0.23056988214195862,38,5,0.038581892365398884,0.038081892365398884,0.00016243827837128668,-0.00033756172162871376,0.0384194540870276,0.016508999623304765,-0.0010293760793063393,0.017538375702611103
2002-03-28,2002-03-25,train,T3,3,0,1,0.15451969170951516,50,1,0.005808793927610578,0.005308793927610578,0.0005096947647216777,9.694764721677184e-06,0.005299099162888901,-0.01243042863404431,0.0019899125752538115,-0.014420341209298122
2002-03-28,2002-03-25,train,T3,3,0,1,0.15451969170951516,50,3,0.008009924137002633,0.007509924137002633,0.0020114084365201613,0.0015114084365201608,0.005998515700482472,-0.01243042863404431,0.0019899125752538115,-0.014420341209298122
2002-03-28,2002-03-25,train,T3,3,0,1,0.15451969170951516,50,5,0.002904239949571119,0.002404239949571119,0.0022801224090779003,0.0017801224090779,0.0006241175404932192,-0.01243042863404431,0.0019899125752538115,-0.014420341209298122
2002-04-30,2002-04-25,train,T3,3,3,2,0.15990750955558056,38,1,-0.019000887438106684,-0.019500887438106684,0.00011134435290168308,-0.0003886556470983174,-0.019112231791008367,0.0005485808744294385,-0.0008060359305217038,0.0013546168049511423
2002-04-30,2002-04-25,train,T3,3,3,2,0.15990750955558056,38,3,-0.014707746718711445,-0.015207746718711446,0.002343924803604838,0.0018439248036048374,-0.017051671522316285,0.0005485808744294385,-0.0008060359305217038,0.0013546168049511423
2002-04-30,2002-04-25,train,T3,3,3,2,0.15990750955558056,38,5,-0.006485717938949143,-0.006985717938949143,0.00043162138309309423,-6.837861690690618e-05,-0.006917339322042237,0.0005485808744294385,-0.0008060359305217038,0.0013546168049511423
2002-05-31,2002-05-28,train,T3,3,1,5,0.23292446930251967,52,1,-0.007400703216421389,-0.00790070321642139,-0.003449870728369696,-0.0039498707283696964,-0.003950832488051693,-0.005428053022701218,-0.0007687175612450761,-0.004659335461456142
2002-05-31,2002-05-28,train,T3,3,1,5,0.23292446930251967,52,3,-0.008140861547377587,-0.008640861547377587,-0.000711479708435669,-0.0012114797084356694,-0.007429381838941918,-0.005428053022701218,-0.0007687175612450761,-0.004659335461456142
2002-05-31,2002-05-28,train,T3,3,1,5,0.23292446930251967,52,5,-0.032099967139522345,-0.032599967139522346,0.009968943904176816,0.009468943904176817,-0.04206891104369916,-0.005428053022701218,-0.0007687175612450761,-0.004659335461456142
2002-06-28,2002-06-25,train,T3,3,1,4,0.20625843342406935,45,1,0.0016404150057431899,0.0011404150057431899,3.2792708654880464e-05,-0.00046720729134512,0.0016076222970883099,-0.02244534719866287,-0.0004470061676874717,-0.021998341030975397
2002-06-28,2002-06-25,train,T3,3,1,4,0.20625843342406935,45,3,0.014349941596391247,0.013849941596391246,-0.0027933072317911866,-0.003293307231791187,0.017143248828182432,-0.02244534719866287,-0.0004470061676874717,-0.021998341030975397
2002-06-28,2002-06-25,train,T3,3,1,4,0.20625843342406935,45,5,-0.0265478899874253,-0.0270478899874253,0.0018514859784671378,0.0013514859784671373,-0.028399375965892436,-0.02244534719866287,-0.0004470061676874717,-0.021998341030975397
2002-07-31,2002-07-26,train,T3,3,4,5,0.3986163974966533,51,1,0.04871504104373314,0.04821504104373314,0.005469710041379312,0.004969710041379312,0.04324533100235383,0.019046521977648778,0.0004575466990880732,0.018588975278560706
2002-07-31,2002-07-26,train,T3,3,4,5,0.3986163974966533,51,3,0.06495401105528908,0.06445401105528908,0.005788648471959988,0.0052886484719599875,0.0591653625833291,0.019046521977648778,0.0004575466990880732,0.018588975278560706
2002-07-31,2002-07-26,train,T3,3,4,5,0.3986163974966533,51,5,0.013901693015054839,0.013401693015054839,0.006301752933612078,0.005801752933612078,0.007599940081442761,0.019046521977648778,0.0004575466990880732,0.018588975278560706
2002-08-30,2002-08-27,train,T3,3,1,5,0.3309936206391562,52,1,-0.021877252660085778,-0.022377252660085778,-0.003449870728369696,-0.0039498707283696964,-0.018427381931716082,-0.01154711268377906,-0.0007687175612450761,-0.010778395122533983
2002-08-30,2002-08-27,train,T3,3,1,5,0.3309936206391562,52,3,-0.02527598281661836,-0.02577598281661836,-0.000711479708435669,-0.0012114797084356694,-0.02456450310818269,-0.01154711268377906,-0.0007687175612450761,-0.010778395122533983
2002-08-30,2002-08-27,train,T3,3,1,5,0.3309936206391562,52,5,-0.04906552068836734,-0.04956552068836734,0.009968943904176816,0.009468943904176817,-0.059034464592544154,-0.01154711268377906,-0.0007687175612450761,-0.010778395122533983
2002-09-30,2002-09-25,train,T3,3,2,3,0.22377350817912378,34,1,0.016360543746701817,0.015860543746701816,-0.002417007122825136,-0.0029170071228251365,0.018777550869526954,0.024784033755937074,-0.002184561251612071,0.026968595007549143
2002-09-30,2002-09-25,train,T3,3,2,3,0.22377350817912378,34,3,-0.030349199582241138,-0.030849199582241138,-0.00028018774759403604,-0.0007801877475940365,-0.0300690118346471,0.024784033755937074,-0.002184561251612071,0.026968595007549143
2002-09-30,2002-09-25,train,T3,3,2,3,0.22377350817912378,34,5,-0.014226222271269351,-0.014726222271269351,-0.0005923985945612439,-0.0010923985945612443,-0.013633823676708108,0.024784033755937074,-0.002184561251612071,0.026968595007549143
2002-10-31,2002-10-28,train,T3,3,0,5,0.4053896060161706,62,1,-0.011606063965339142,-0.012106063965339142,-1.9491191284218368e-05,-0.0005194911912842188,-0.011586572774054924,-0.0065408325113285315,0.003746900141065211,-0.010287732652393742
2002-10-31,2002-10-28,train,T3,3,0,5,0.4053896060161706,62,3,-0.012164360498015503,-0.012664360498015503,0.000620938437471286,0.00012093843747128554,-0.01278529893548679,-0.0065408325113285315,0.003746900141065211,-0.010287732652393742
2002-10-31,2002-10-28,train,T3,3,0,5,0.4053896060161706,62,5,0.01696231389786429,0.01646231389786429,0.0018880702786119165,0.001388070278611916,0.015074243619252373,-0.0065408325113285315,0.003746900141065211,-0.010287732652393742
2002-11-29,2002-11-25,train,T3,3,0,3,0.21482349128567535,46,1,-0.01904151480469274,-0.01954151480469274,0.000916236836269199,0.0004162368362691986,-0.01995775164096194,0.0006426202792950697,-0.000680179867075231,0.0013228001463703007
2002-11-29,2002-11-25,train,T3,3,0,3,0.21482349128567535,46,3,0.005348742949804475,0.004848742949804474,-0.0005007303240408545,-0.001000730324040855,0.005849473273845329,0.0006426202792950697,-0.000680179867075231,0.0013228001463703007
2002-11-29,2002-11-25,train,T3,3,0,3,0.21482349128567535,46,5,-0.006525376791336024,-0.007025376791336024,-0.0023059649897345246,-0.002805964989734525,-0.0042194118016015,0.0006426202792950697,-0.000680179867075231,0.0013228001463703007
2002-12-31,2002-12-26,train,T3,3,3,3,0.22539877746973067,36,1,-0.02248598159931614,-0.02298598159931614,0.001091203500942467,0.0005912035009424665,-0.023577185100258607,0.0004477963472668822,-0.0006109524625397143,0.0010587488098065965
2002-12-31,2002-12-26,train,T3,3,3,3,0.22539877746973067,36,3,-0.012976472780015236,-0.013476472780015236,0.0009917520869037713,0.0004917520869037709,-0.013968224866919007,0.0004477963472668822,-0.0006109524625397143,0.0010587488098065965
2002-12-31,2002-12-26,train,T3,3,3,3,0.22539877746973067,36,5,0.021925961357683876,0.021425961357683876,0.002801489616343852,0.0023014896163438517,0.019124471741340025,0.0004477963472668822,-0.0006109524625397143,0.0010587488098065965
2003-01-31,2003-01-28,train,T3,3,1,3,0.22856284916679157,44,1,0.007572995465121135,0.007072995465121135,-0.00026600952680538354,-0.0007660095268053839,0.007839004991926518,0.007394534730150726,0.0005577714340247856,0.006836763296125941
2003-01-31,2003-01-28,train,T3,3,1,3,0.22856284916679157,44,3,0.00267953642973362,0.00217953642973362,-0.0028871408548779313,-0.0033871408548779318,0.005566677284611552,0.007394534730150726,0.0005577714340247856,0.006836763296125941
2003-01-31,2003-01-28,train,T3,3,1,3,0.22856284916679157,44,5,-0.005242942972086606,-0.0057429429720866065,-0.0033639696729622763,-0.0038639696729622767,-0.0018789732991243298,0.007394534730150726,0.0005577714340247856,0.006836763296125941
2003-02-28,2003-02-25,train,T3,3,1,2,0.2041407683686066,42,1,-0.014562244877182162,-0.015062244877182163,-0.0020075253846126005,-0.002507525384612601,-0.012554719492569562,0.007995945567776275,-0.0005367266661031415,0.008532672233879416
2003-02-28,2003-02-25,train,T3,3,1,2,0.2041407683686066,42,3,0.0050898954494627,0.0045898954494627,-0.00019010192457613066,-0.0006901019245761311,0.005279997374038831,0.007995945567776275,-0.0005367266661031415,0.008532672233879416
2003-02-28,2003-02-25,train,T3,3,1,2,0.2041407683686066,42,5,-0.020363056461265128,-0.020863056461265128,0.000737580524856737,0.0002375805248567366,-0.021100636986121864,0.007995945567776275,-0.0005367266661031415,0.008532672233879416
2003-03-31,2003-03-26,train,T3,3,2,4,0.27104736433394766,49,1,0.0008037967782601463,0.00030379677826014627,-0.0010025334359418715,-0.001502533435941872,0.0018063302142020182,-0.0050275318492739585,-0.0008386110205293054,-0.004188920828744653
2003-03-31,2003-03-26,train,T3,3,2,4,0.27104736433394766,49,3,-0.026872204637582442,-0.027372204637582442,-0.002179312020235106,-0.0026793120202351067,-0.024692892617347334,-0.0050275318492739585,-0.0008386110205293054,-0.004188920828744653
2003-03-31,2003-03-26,train,T3,3,2,4,0.27104736433394766,49,5,0.01194294842218957,0.01144294842218957,-0.002498323573624951,-0.0029983235736249516,0.014441271995814521,-0.0050275318492739585,-0.0008386110205293054,-0.004188920828744653
2003-04-30,2003-04-25,train,T3,3,4,1,0.20172783003736283,50,1,0.017289083567251673,0.016789083567251673,0.0020065134982233525,0.0015065134982233518,0.01528257006902832,-0.012369213925915168,0.0009693449467277304,-0.013338558872642898
2003-04-30,2003-04-25,train,T3,3,4,1,0.20172783003736283,50,3,0.018619471627556727,0.018119471627556727,0.0033899477181712646,0.002889947718171264,0.015229523909385463,-0.012369213925915168,0.0009693449467277304,-0.013338558872642898
2003-04-30,2003-04-25,train,T3,3,4,1,0.20172783003736283,50,5,0.03302701966832178,0.03252701966832178,0.004519080626336392,0.004019080626336391,0.028507939041985387,-0.012369213925915168,0.0009693449467277304,-0.013338558872642898
2003-05-30,2003-05-27,train,T3,3,1,1,0.15113986162518137,52,1,0.0028307249174577276,0.0023307249174577276,-5.50821735003456e-05,-0.0005550821735003461,0.0028858070909580738,0.017490558170257575,-0.0003027015299992254,0.0177932597002568
2003-05-30,2003-05-27,train,T3,3,1,1,0.15113986162518137,52,3,0.016247772696282414,0.015747772696282414,0.0018225234069569052,0.0013225234069569047,0.014425249289325509,0.017490558170257575,-0.0003027015299992254,0.0177932597002568
2003-05-30,2003-05-27,train,T3,3,1,1,0.15113986162518137,52,5,0.024633128796758053,0.024133128796758052,0.0038175046655838586,0.003317504665583858,0.020815624131174194,0.017490558170257575,-0.0003027015299992254,0.0177932597002568
2003-06-30,2003-06-25,train,T3,3,2,1,0.1507588528067316,52,1,0.013021173981878631,0.01252117398187863,-0.00024449693988278274,-0.0007444969398827832,0.013265670921761414,-0.010048310367056335,-0.0007002862379918322,-0.009348024129064502
2003-06-30,2003-06-25,train,T3,3,2,1,0.1507588528067316,52,3,0.0010250292050597576,0.0005250292050597576,0.003020372085287367,0.0025203720852873665,-0.001995342880227609,-0.010048310367056335,-0.0007002862379918322,-0.009348024129064502
2003-06-30,2003-06-25,train,T3,3,2,1,0.1507588528067316,52,5,0.022967081158110414,0.022467081158110414,0.0036061668597371,0.0031061668597370997,0.019360914298373312,-0.010048310367056335,-0.0007002862379918322,-0.009348024129064502
2003-07-31,2003-07-28,train,T3,3,0,1,0.16860215231808076,50,1,-0.004606366869160494,-0.005106366869160495,0.0005096947647216777,9.694764721677184e-06,-0.0051160616338821715,-0.003691854311710374,0.0019899125752538115,-0.005681766886964186
2003-07-31,2003-07-28,train,T3,3,0,1,0.16860215231808076,50,3,-0.004706472306554077,-0.0052064723065540774,0.0020114084365201613,0.0015114084365201608,-0.006717880743074238,-0.003691854311710374,0.0019899125752538115,-0.005681766886964186
2003-07-31,2003-07-28,train,T3,3,0,1,0.16860215231808076,50,5,-0.01351878429530029,-0.01401878429530029,0.0022801224090779003,0.0017801224090779,-0.01579890670437819,-0.003691854311710374,0.0019899125752538115,-0.005681766886964186
2003-08-29,2003-08-26,train,T3,3,1,1,0.11917072630270878,52,1,0.00029944991063057813,-0.00020055008936942188,-5.50821735003456e-05,-0.0005550821735003461,0.0003545320841309242,0.001800867811685647,-0.0003027015299992254,0.0021035693416848722
2003-08-29,2003-08-26,train,T3,3,1,1,0.11917072630270878,52,3,0.01328449650168495,0.01278449650168495,0.0018225234069569052,0.0013225234069569047,0.011461973094728045,0.001800867811685647,-0.0003027015299992254,0.0021035693416848722
2003-08-29,2003-08-26,train,T3,3,1,1,0.11917072630270878,52,5,0.03246418762951819,0.03196418762951819,0.0038175046655838586,0.003317504665583858,0.028646682963934335,0.001800867811685647,-0.0003027015299992254,0.0021035693416848722
2003-09-30,2003-09-25,train,T3,3,3,1,0.1353619092668142,44,1,-0.003290952415564208,-0.003790952415564208,0.0009245941233579232,0.0004245941233579227,-0.004215546538922131,-0.008208972785027746,5.504929633453161e-05,-0.008264022081362277
2003-09-30,2003-09-25,train,T3,3,3,1,0.1353619092668142,44,3,-0.003290952415564208,-0.003790952415564208,0.005113601879469018,0.004613601879469018,-0.008404554295033225,-0.008208972785027746,5.504929633453161e-05,-0.008264022081362277
2003-09-30,2003-09-25,train,T3,3,3,1,0.1353619092668142,44,5,0.02163899013570747,0.02113899013570747,0.003780308329666009,0.0032803083296660085,0.01785868180604146,-0.008208972785027746,5.504929633453161e-05,-0.008264022081362277
2003-10-31,2003-10-28,train,T3,3,1,1,0.11837717122970093,52,1,0.001333013486706447,0.0008330134867064469,-5.50821735003456e-05,-0.0005550821735003461,0.001388095660206793,0.01360659949587184,-0.0003027015299992254,0.013909301025871066
2003-10-31,2003-10-28,train,T3,3,1,1,0.11837717122970093,52,3,0.00247487036432803,0.00197487036432803,0.0018225234069569052,0.0013225234069569047,0.0006523469573711253,0.01360659949587184,-0.0003027015299992254,0.013909301025871066
2003-10-31,2003-10-28,train,T3,3,1,1,0.11837717122970093,52,5,0.0068543456250715895,0.006354345625071589,0.0038175046655838586,0.003317504665583858,0.003036840959487731,0.01360659949587184,-0.0003027015299992254,0.013909301025871066
2003-11-28,2003-11-24,train,T3,3,0,1,0.10546790879298687,50,1,0.0037884891747872462,0.0032884891747872462,0.0005096947647216777,9.694764721677184e-06,0.003278794410065569,0.01324262637496898,0.0019899125752538115,0.011252713799715168
2003-11-28,2003-11-24,train,T3,3,0,1,0.10546790879298687,50,3,0.00814482303932551,0.00764482303932551,0.0020114084365201613,0.0015114084365201608,0.006133414602805349,0.01324262637496898,0.0019899125752538115,0.011252713799715168
2003-11-28,2003-11-24,train,T3,3,0,1,0.10546790879298687,50,5,0.01647859788308037,0.01597859788308037,0.0022801224090779003,0.0017801224090779,0.01419847547400247,0.01324262637496898,0.0019899125752538115,0.011252713799715168
2003-12-31,2003-12-26,train,T3,3,4,1,0.090000018871371,50,1,0.01330977615768969,0.01280977615768969,0.0020065134982233525,0.0015065134982233518,0.011303262659466337,0.0007292341102838051,0.0009693449467277304,-0.00024011083644392528
2003-12-31,2003-12-26,train,T3,3,4,1,0.090000018871371,50,3,0.014403567357825109,0.013903567357825108,0.0033899477181712646,0.002889947718171264,0.011013619639653844,0.0007292341102838051,0.0009693449467277304,-0.00024011083644392528
2003-12-31,2003-12-26,train,T3,3,4,1,0.090000018871371,50,5,0.024977233305336632,0.024477233305336632,0.004519080626336392,0.004019080626336391,0.02045815267900024,0.0007292341102838051,0.0009693449467277304,-0.00024011083644392528
2004-01-30,2004-01-27,train,T3,3,1,1,0.09379027530142914,52,1,-0.011422695644562109,-0.011922695644562109,-5.50821735003456e-05,-0.0005550821735003461,-0.011367613471061763,-0.01027072666437967,-0.0003027015299992254,-0.009968025134380444
2004-01-30,2004-01-27,train,T3,3,1,1,0.09379027530142914,52,3,-0.010463837112307695,-0.010963837112307695,0.0018225234069569052,0.0013225234069569047,-0.0122863605192646,-0.01027072666437967,-0.0003027015299992254,-0.009968025134380444
2004-01-30,2004-01-27,train,T3,3,1,1,0.09379027530142914,52,5,-0.007847751920461943,-0.008347751920461943,0.0038175046655838586,0.003317504665583858,-0.011665256586045801,-0.01027072666437967,-0.0003027015299992254,-0.009968025134380444
2004-02-27,2004-02-24,train,T3,3,1,2,0.1095440413066496,42,1,0.0041957806087840055,0.0036957806087840055,-0.0020075253846126005,-0.002507525384612601,0.006203305993396606,-0.0017456269856431783,-0.0005367266661031415,-0.001208900319540037
2004-02-27,2004-02-24,train,T3,3,1,2,0.1095440413066496,42,3,0.005507189268302515,0.005007189268302514,-0.00019010192457613066,-0.0006901019245761311,0.0056972911928786455,-0.0017456269856431783,-0.0005367266661031415,-0.001208900319540037
2004-02-27,2004-02-24,train,T3,3,1,2,0.1095440413066496,42,5,0.009528869420517116,0.009028869420517116,0.000737580524856737,0.0002375805248567366,0.008791288895660379,-0.0017456269856431783,-0.0005367266661031415,-0.001208900319540037
2004-03-31,2004-03-26,train,T3,3,4,4,0.15207682513121742,34,1,0.014050155725773283,0.013550155725773283,-0.00132570694670774,-0.0018257069467077405,0.015375862672481023,0.0002701566130554056,0.0022078638918464656,-0.00193770727879106
2004-03-31,2004-03-26,train,T3,3,4,4,0.15207682513121742,34,3,0.018644169718283532,0.01814416971828353,-0.002577466490418649,-0.0030774664904186493,0.021221636208702183,0.0002701566130554056,0.0022078638918464656,-0.00193770727879106
2004-03-31,2004-03-26,train,T3,3,4,4,0.15207682513121742,34,5,0.03251361304529943,0.03201361304529943,-0.0009824867596311632,-0.0014824867596311636,0.03349609980493059,0.0002701566130554056,0.0022078638918464656,-0.00193770727879106
2004-04-30,2004-04-27,train,T3,3,1,3,0.12229190319801844,44,1,-0.012948245089091537,-0.013448245089091537,-0.00026600952680538354,-0.0007660095268053839,-0.012682235562286153,0.0008755575303591723,0.0005577714340247856,0.00031778609633438667
2004-04-30,2004-04-27,train,T3,3,1,3,0.12229190319801844,44,3,-0.02922162481612356,-0.02972162481612356,-0.0028871408548779313,-0.0033871408548779318,-0.026334483961245627,0.0008755575303591723,0.0005577714340247856,0.00031778609633438667
2004-04-30,2004-04-27,train,T3,3,1,3,0.12229190319801844,44,5,-0.019597305811069554,-0.020097305811069555,-0.0033639696729622763,-0.0038639696729622767,-0.016233336138107277,0.0008755575303591723,0.0005577714340247856,0.00031778609633438667
2004-05-28,2004-05-25,train,T3,3,1,3,0.12230989081107085,44,1,0.0034867884588012377,0.0029867884588012377,-0.00026600952680538354,-0.0007660095268053839,0.0037527979856066215,0.014328324740702225,0.0005577714340247856,0.01377055330667744
2004-05-28,2004-05-25,train,T3,3,1,3,0.12230989081107085,44,3,0.009029998895680569,0.008529998895680568,-0.0028871408548779313,-0.0033871408548779318,0.011917139750558501,0.014328324740702225,0.0005577714340247856,0.01377055330667744
2004-05-28,2004-05-25,train,T3,3,1,3,0.12230989081107085,44,5,0.011443961034503403,0.010943961034503402,-0.0033639696729622763,-0.0038639696729622767,0.014807930707465678,0.014328324740702225,0.0005577714340247856,0.01377055330667744
2004-06-30,2004-06-25,train,T3,3,4,2,0.10259304960122115,34,1,-0.0034259711057360587,-0.003925971105736059,-0.0009361649819731114,-0.001436164981973112,-0.002489806123762947,-0.004808130978328773,0.0016437301709888996,-0.0064518611493176725
2004-06-30,2004-06-25,train,T3,3,4,2,0.10259304960122115,34,3,0.006061441996920713,0.005561441996920713,-0.0013794202561620103,-0.0018794202561620108,0.0074408622530827235,-0.004808130978328773,0.0016437301709888996,-0.0064518611493176725
2004-06-30,2004-06-25,train,T3,3,4,2,0.10259304960122115,34,5,-0.008432539632563518,-0.008932539632563519,-0.0038338824268372884,-0.004333882426837289,-0.004598657205726229,-0.004808130978328773,0.0016437301709888996,-0.0064518611493176725
2004-07-30,2004-07-27,train,T3,3,1,3,0.11180428281680777,44,1,0.00300590041701021,0.00250590041701021,-0.00026600952680538354,-0.0007660095268053839,0.0032719099438155937,0.009379770765932882,0.0005577714340247856,0.008821999331908097
2004-07-30,2004-07-27,train,T3,3,1,3,0.11180428281680777,44,3,0.009747547413878621,0.00924754741387862,-0.0028871408548779313,-0.0033871408548779318,0.012634688268756553,0.009379770765932882,0.0005577714340247856,0.008821999331908097
2004-07-30,2004-07-27,train,T3,3,1,3,0.11180428281680777,44,5,0.0040090862451427345,0.0035090862451427345,-0.0033639696729622763,-0.0038639696729622767,0.007373055918105011,0.009379770765932882,0.0005577714340247856,0.008821999331908097
2004-08-31,2004-08-26,train,T3,3,3,4,0.12653888148758657,40,1,0.003149959742829056,0.002649959742829056,-0.000909023705321832,-0.0014090237053218323,0.004058983448150888,0.0,-0.002094188401367664,0.002094188401367664
2004-08-31,2004-08-26,train,T3,3,3,4,0.12653888148758657,40,3,8.95062630124066e-05,-0.0004104937369875934,0.0005221222754257321,2.2122275425731643e-05,-0.00043261601241332507,0.0,-0.002094188401367664,0.002094188401367664
2004-08-31,2004-08-26,train,T3,3,3,4,0.12653888148758657,40,5,0.013320844439457025,0.012820844439457024,0.0018328323948100856,0.0013328323948100852,0.01148801204464694,0.0,-0.002094188401367664,0.002094188401367664
2004-09-30,2004-09-27,train,T3,3,0,2,0.09554338632167024,36,1,0.004785714904516736,0.004285714904516735,0.0001406233268238799,-0.00035937667317612043,0.004645091577692856,-0.0063695494626935245,0.000263763356749263,-0.006633312819442788
2004-09-30,2004-09-27,train,T3,3,0,2,0.09554338632167024,36,3,0.009119497763441675,0.008619497763441675,0.0010100177098464151,0.0005100177098464146,0.00810948005359526,-0.0063695494626935245,0.000263763356749263,-0.006633312819442788
2004-09-30,2004-09-27,train,T3,3,0,2,0.09554338632167024,36,5,0.02790066735780017,0.027400667357800168,0.003178659579551549,0.0026786595795515486,0.02472200777824862,-0.0063695494626935245,0.000263763356749263,-0.006633312819442788
2004-10-29,2004-10-26,train,T3,3,1,4,0.11690779424863094,45,1,0.01201364339129296,0.01151364339129296,3.2792708654880464e-05,-0.00046720729134512,0.011980850682638081,0.01529242184735069,-0.0004470061676874717,0.01573942801503816
2004-10-29,2004-10-26,train,T3,3,1,4,0.11690779424863094,45,3,0.014882573156377754,0.014382573156377754,-0.0027933072317911866,-0.003293307231791187,0.01767588038816894,0.01529242184735069,-0.0004470061676874717,0.01573942801503816
2004-10-29,2004-10-26,train,T3,3,1,4,0.11690779424863094,45,5,0.01801990186900282,0.01751990186900282,0.0018514859784671378,0.0013514859784671373,0.016168415890535682,0.01529242184735069,-0.0004470061676874717,0.01573942801503816
2004-11-30,2004-11-24,train,T3,3,2,2,0.09830316766824523,42,1,-0.0007596053052373319,-0.001259605305237332,0.0017480419990514226,0.0012480419990514222,-0.002507647304288754,0.002369898691625849,-0.0005405006450791032,0.0029103993367049523
2004-11-30,2004-11-24,train,T3,3,2,2,0.09830316766824523,42,3,-0.004643496076686682,-0.005143496076686682,0.0005476998531079937,4.769985310799323e-05,-0.005191195929794675,0.002369898691625849,-0.0005405006450791032,0.0029103993367049523
2004-11-30,2004-11-24,train,T3,3,2,2,0.09830316766824523,42,5,0.007514131062491769,0.0070141310624917685,0.002886875475140496,0.0023868754751404956,0.004627255587351273,0.002369898691625849,-0.0005405006450791032,0.0029103993367049523
2004-12-31,2004-12-28,train,T3,3,1,1,0.07835190671137077,52,1,0.001484800021550825,0.000984800021550825,-5.50821735003456e-05,-0.0005550821735003461,0.0015398821950511712,0.00547665377883666,-0.0003027015299992254,0.005779355308835886
2004-12-31,2004-12-28,train,T3,3,1,1,0.07835190671137077,52,3,-0.002558319603719106,-0.003058319603719106,0.0018225234069569052,0.0013225234069569047,-0.004380843010676011,0.00547665377883666,-0.0003027015299992254,0.005779355308835886
2004-12-31,2004-12-28,train,T3,3,1,1,0.07835190671137077,52,5,-0.019392756637778175,-0.019892756637778175,0.0038175046655838586,0.003317504665583858,-0.023210261303362033,0.00547665377883666,-0.0003027015299992254,0.005779355308835886
2005-01-31,2005-01-26,train,T3,3,2,2,0.09762235409519457,42,1,0.0017057744943300701,0.00120577449433007,0.0017480419990514226,0.0012480419990514222,-4.226750472135208e-05,0.0029949669465545448,-0.0005405006450791032,0.003535467591633648
2005-01-31,2005-01-26,train,T3,3,2,2,0.09762235409519457,42,3,0.007933079339688787,0.007433079339688786,0.0005476998531079937,4.769985310799323e-05,0.007385379486580793,0.0029949669465545448,-0.0005405006450791032,0.003535467591633648
2005-01-31,2005-01-26,train,T3,3,2,2,0.09762235409519457,42,5,0.017401278373656792,0.016901278373656792,0.002886875475140496,0.0023868754751404956,0.014514402898516295,0.0029949669465545448,-0.0005405006450791032,0.003535467591633648
2005-02-28,2005-02-23,train,T3,3,2,2,0.09371593896450675,42,1,0.006613830543638954,0.006113830543638954,0.0017480419990514226,0.0012480419990514222,0.0048657885445875316,0.007166899494532419,-0.0005405006450791032,0.0077074001396115225
2005-02-28,2005-02-23,train,T3,3,2,2,0.09371593896450675,42,3,0.009878566620970197,0.009378566620970197,0.0005476998531079937,4.769985310799323e-05,0.009330866767862203,0.007166899494532419,-0.0005405006450791032,0.0077074001396115225
2005-02-28,2005-02-23,train,T3,3,2,2,0.09371593896450675,42,5,0.014399189400335244,0.013899189400335243,0.002886875475140496,0.0023868754751404956,0.011512313925194747,0.007166899494532419,-0.0005405006450791032,0.0077074001396115225
2005-03-31,2005-03-28,train,T3,3,0,2,0.10307389738558036,36,1,-0.0066491341621571776,-0.007149134162157178,0.0001406233268238799,-0.00035937667317612043,-0.0067897574889810575,0.0014512536086161987,0.000263763356749263,0.0011874902518669355
2005-03-31,2005-03-28,train,T3,3,0,2,0.10307389738558036,36,3,0.0055408809722599095,0.005040880972259909,0.0010100177098464151,0.0005100177098464146,0.004530863262413494,0.0014512536086161987,0.000263763356749263,0.0011874902518669355
2005-03-31,2005-03-28,train,T3,3,0,2,0.10307389738558036,36,5,0.0027279486247890894,0.0022279486247890894,0.003178659579551549,0.0026786595795515486,-0.0004507109547624592,0.0014512536086161987,0.000263763356749263,0.0011874902518669355
2005-04-29,2005-04-26,train,T3,3,1,5,0.14903319021434797,52,1,0.003906957872107597,0.003406957872107597,-0.003449870728369696,-0.0039498707283696964,0.007356828600477294,-0.009714341618020983,-0.0007687175612450761,-0.008945624056775906
2005-04-29,2005-04-26,train,T3,3,1,5,0.14903319021434797,52,3,0.004775105394461798,0.004275105394461798,-0.000711479708435669,-0.0012114797084356694,0.005486585102897467,-0.009714341618020983,-0.0007687175612450761,-0.008945624056775906
2005-04-29,2005-04-26,train,T3,3,1,5,0.14903319021434797,52,5,0.012152889226904717,0.011652889226904717,0.009968943904176816,0.009468943904176817,0.0021839453227278996,-0.009714341618020983,-0.0007687175612450761,-0.008945624056775906
2005-05-31,2005-05-25,train,T3,3,2,4,0.11438457794576799,49,1,0.005359569290473543,0.004859569290473542,-0.0010025334359418715,-0.001502533435941872,0.006362102726415414,-0.0007531041097696978,-0.0008386110205293054,8.550691075960765e-05
2005-05-31,2005-05-25,train,T3,3,2,4,0.11438457794576799,49,3,0.0005863151713045855,8.631517130458554e-05,-0.002179312020235106,-0.0026793120202351067,0.002765627191539692,-0.0007531041097696978,-0.0008386110205293054,8.550691075960765e-05
2005-05-31,2005-05-25,train,T3,3,2,4,0.11438457794576799,49,5,0.01130545375225167,0.01080545375225167,-0.002498323573624951,-0.0029983235736249516,0.013803777325876622,-0.0007531041097696978,-0.0008386110205293054,8.550691075960765e-05
2005-06-30,2005-06-27,train,T3,3,0,1,0.07900536391054815,50,1,0.008392960030804808,0.007892960030804808,0.0005096947647216777,9.694764721677184e-06,0.00788326526608313,0.001428264534779622,0.0019899125752538115,-0.0005616480404741896
2005-06-30,2005-06-27,train,T3,3,0,1,0.07900536391054815,50,3,0.00025198699294115556,-0.00024801300705884445,0.0020114084365201613,0.0015114084365201608,-0.0017594214435790053,0.001428264534779622,0.0019899125752538115,-0.0005616480404741896
2005-06-30,2005-06-27,train,T3,3,0,1,0.07900536391054815,50,5,0.011246453188697103,0.010746453188697103,0.0022801224090779003,0.0017801224090779,0.008966330779619202,0.001428264534779622,0.0019899125752538115,-0.0005616480404741896
2005-07-29,2005-07-26,train,T3,3,1,1,0.0839761375815421,52,1,0.0036479343977184886,0.0031479343977184886,-5.50821735003456e-05,-0.0005550821735003461,0.0037030165712188348,0.0012177936438126924,-0.0003027015299992254,0.0015204951738119177
2005-07-29,2005-07-26,train,T3,3,1,1,0.0839761375815421,52,3,0.0032428616063291393,0.0027428616063291393,0.0018225234069569052,0.0013225234069569047,0.0014203381993722346,0.0012177936438126924,-0.0003027015299992254,0.0015204951738119177
2005-07-29,2005-07-26,train,T3,3,1,1,0.0839761375815421,52,5,0.00851281941876847,0.008012819418768469,0.0038175046655838586,0.003317504665583858,0.004695314753184611,0.0012177936438126924,-0.0003027015299992254,0.0015204951738119177
2005-08-31,2005-08-26,train,T3,3,4,2,0.08709035821275682,34,1,0.0077015852003519125,0.007201585200351912,-0.0009361649819731114,-0.001436164981973112,0.008637750182325024,-0.006826740298095602,0.0016437301709888996,-0.008470470469084501
2005-08-31,2005-08-26,train,T3,3,4,2,0.08709035821275682,34,3,0.015071015269824128,0.014571015269824128,-0.0013794202561620103,-0.0018794202561620108,0.01645043552598614,-0.006826740298095602,0.0016437301709888996,-0.008470470469084501
2005-08-31,2005-08-26,train,T3,3,4,2,0.08709035821275682,34,5,0.012504472035368863,0.012004472035368863,-0.0038338824268372884,-0.004333882426837289,0.01633835446220615,-0.006826740298095602,0.0016437301709888996,-0.008470470469084501
2005-09-30,2005-09-27,train,T3,3,1,3,0.10020674924629244,44,1,0.0009875426833543255,0.0004875426833543255,-0.00026600952680538354,-0.0007660095268053839,0.0012535522101597093,-0.0002470088854125141,0.0005577714340247856,-0.0008047803194372997
2005-09-30,2005-09-27,train,T3,3,1,3,0.10020674924629244,44,3,0.01225833416472999,0.011758334164729989,-0.0028871408548779313,-0.0033871408548779318,0.015145475019607921,-0.0002470088854125141,0.0005577714340247856,-0.0008047803194372997
2005-09-30,2005-09-27,train,T3,3,1,3,0.10020674924629244,44,5,-0.0027152817716294964,-0.0032152817716294964,-0.0033639696729622763,-0.0038639696729622767,0.0006486879013327803,-0.0002470088854125141,0.0005577714340247856,-0.0008047803194372997
2005-10-31,2005-10-26,train,T3,3,2,5,0.1468982177494226,55,1,-0.01063979873439802,-0.011139798734398021,0.006011890294552636,0.005511890294552636,-0.01665168902895066,-0.002923269666131878,-0.005307634675380757,0.002384365009248879
2005-10-31,2005-10-26,train,T3,3,2,5,0.1468982177494226,55,3,0.006366844456284548,0.005866844456284548,0.012554192586858123,0.012054192586858123,-0.006187348130573575,-0.002923269666131878,-0.005307634675380757,0.002384365009248879
2005-10-31,2005-10-26,train,T3,3,2,5,0.1468982177494226,55,5,0.019938014397019366,0.019438014397019365,0.014313137636893628,0.01381313763689363,0.005624876760125736,-0.002923269666131878,-0.005307634675380757,0.002384365009248879
2005-11-30,2005-11-25,train,T3,3,4,2,0.08479818353958461,34,1,-0.007079104298169159,-0.007579104298169159,-0.0009361649819731114,-0.001436164981973112,-0.006142939316196047,0.0007867158294276866,0.0016437301709888996,-0.000857014341561213
2005-11-30,2005-11-25,train,T3,3,4,2,0.08479818353958461,34,3,-0.0135290664465888,-0.0140290664465888,-0.0013794202561620103,-0.0018794202561620108,-0.012149646190426789,0.0007867158294276866,0.0016437301709888996,-0.000857014341561213
2005-11-30,2005-11-25,train,T3,3,4,2,0.08479818353958461,34,5,-0.0022023057976113813,-0.0027023057976113814,-0.0038338824268372884,-0.004333882426837289,0.001631576629225908,0.0007867158294276866,0.0016437301709888996,-0.000857014341561213
2005-12-30,2005-12-27,train,T3,3,1,1,0.07045286871580562,52,1,0.0022313934402218294,0.0017313934402218294,-5.50821735003456e-05,-0.0005550821735003461,0.0022864756137221756,-0.010176682518892366,-0.0003027015299992254,-0.00987398098889314
2005-12-30,2005-12-27,train,T3,3,1,1,0.07045286871580562,52,3,-0.007651506341485925,-0.008151506341485926,0.0018225234069569052,0.0013225234069569047,-0.00947402974844283,-0.010176682518892366,-0.0003027015299992254,-0.00987398098889314
2005-12-30,2005-12-27,train,T3,3,1,1,0.07045286871580562,52,5,0.014585018167356356,0.014085018167356356,0.0038175046655838586,0.003317504665583858,0.010767513501772498,-0.010176682518892366,-0.0003027015299992254,-0.00987398098889314
2006-01-31,2006-01-26,train,T3,3,3,4,0.11392266381002467,40,1,0.009265117964722736,0.008765117964722735,-0.000909023705321832,-0.0014090237053218323,0.010174141670044568,0.0055263354599857095,-0.002094188401367664,0.007620523861353373
2006-01-31,2006-01-26,train,T3,3,3,4,0.11392266381002467,40,3,0.0010992275672176977,0.0005992275672176976,0.0005221222754257321,2.2122275425731643e-05,0.000577105291791966,0.0055263354599857095,-0.002094188401367664,0.007620523861353373
2006-01-31,2006-01-26,train,T3,3,3,4,0.11392266381002467,40,5,-0.0036119101381245633,-0.004111910138124564,0.0018328323948100856,0.0013328323948100852,-0.0054447425329346485,0.0055263354599857095,-0.002094188401367664,0.007620523861353373
2006-02-28,2006-02-23,train,T3,3,3,3,0.1006710718951496,36,1,0.002557035181863343,0.002057035181863343,0.001091203500942467,0.0005912035009424665,0.0014658316809208764,-0.0014698595219608812,-0.0006109524625397143,-0.0008589070594211669
2006-02-28,2006-02-23,train,T3,3,3,3,0.1006710718951496,36,3,-0.0065847129110386815,-0.007084712911038682,0.0009917520869037713,0.0004917520869037709,-0.007576464997942452,-0.0014698595219608812,-0.0006109524625397143,-0.0008589070594211669
2006-02-28,2006-02-23,train,T3,3,3,3,0.1006710718951496,36,5,0.002169419954349161,0.001669419954349161,0.002801489616343852,0.0023014896163438517,-0.0006320696619946907,-0.0014698595219608812,-0.0006109524625397143,-0.0008589070594211669
2006-03-31,2006-03-28,train,T3,3,1,2,0.0873002323493716,42,1,0.006268202375819376,0.005768202375819376,-0.0020075253846126005,-0.002507525384612601,0.008275727760431976,-0.006152756069178311,-0.0005367266661031415,-0.005616029403075169
2006-03-31,2006-03-28,train,T3,3,1,2,0.0873002323493716,42,3,0.004720662376310525,0.004220662376310524,-0.00019010192457613066,-0.0006901019245761311,0.004910764300886656,-0.006152756069178311,-0.0005367266661031415,-0.005616029403075169
2006-03-31,2006-03-28,train,T3,3,1,2,0.0873002323493716,42,5,0.010369848752326494,0.009869848752326493,0.000737580524856737,0.0002375805248567366,0.009632268227469756,-0.006152756069178311,-0.0005367266661031415,-0.005616029403075169
2006-04-28,2006-04-25,train,T3,3,1,2,0.08760415146904724,42,1,0.00022993441422936023,-0.0002700655857706398,-0.0020075253846126005,-0.002507525384612601,0.002237459798841961,-0.004124798546150887,-0.0005367266661031415,-0.003588071880047746
2006-04-28,2006-04-25,train,T3,3,1,2,0.08760415146904724,42,3,0.00843753778876799,0.00793753778876799,-0.00019010192457613066,-0.0006901019245761311,0.008627639713344121,-0.004124798546150887,-0.0005367266661031415,-0.003588071880047746
2006-04-28,2006-04-25,train,T3,3,1,2,0.08760415146904724,42,5,0.007746968665351517,0.007246968665351516,0.000737580524856737,0.0002375805248567366,0.00700938814049478,-0.004124798546150887,-0.0005367266661031415,-0.003588071880047746
2006-05-31,2006-05-25,train,T3,3,3,5,0.12376164211090199,50,1,0.0050890211735799,0.004589021173579899,-0.0005046478654548725,-0.001004647865454873,0.005593669039034772,0.012364454917960677,0.0038667488487956645,0.008497706069165011
2006-05-31,2006-05-25,train,T3,3,3,5,0.12376164211090199,50,3,-0.0017224553070140924,-0.0022224553070140925,0.012492253630936931,0.01199225363093693,-0.014214708937951024,0.012364454917960677,0.0038667488487956645,0.008497706069165011
2006-05-31,2006-05-25,train,T3,3,3,5,0.12376164211090199,50,5,0.009942747534659402,0.009442747534659401,0.013795934386841745,0.013295934386841748,-0.003853186852182347,0.012364454917960677,0.0038667488487956645,0.008497706069165011
2006-06-30,2006-06-27,train,T3,3,1,5,0.15372888089780296,52,1,0.006778949102436371,0.006278949102436371,-0.003449870728369696,-0.0039498707283696964,0.010228819830806066,-0.008640395446001259,-0.0007687175612450761,-0.007871677884756182
2006-06-30,2006-06-27,train,T3,3,1,5,0.15372888089780296,52,3,0.02719718159450424,0.026697181594504238,-0.000711479708435669,-0.0012114797084356694,0.027908661302939907,-0.008640395446001259,-0.0007687175612450761,-0.007871677884756182
2006-06-30,2006-06-27,train,T3,3,1,5,0.15372888089780296,52,5,0.025502444318895146,0.025002444318895145,0.009968943904176816,0.009468943904176817,0.015533500414718328,-0.008640395446001259,-0.0007687175612450761,-0.007871677884756182
2006-07-31,2006-07-26,train,T3,3,2,5,0.15006152624024188,55,1,-0.0009459514419141168,-0.0014459514419141169,0.006011890294552636,0.005511890294552636,-0.006957841736466753,0.0013421726680589163,-0.005307634675380757,0.006649807343439673
2006-07-31,2006-07-26,train,T3,3,2,5,0.15006152624024188,55,3,0.008042241931043748,0.007542241931043747,0.012554192586858123,0.012054192586858123,-0.004511950655814376,0.0013421726680589163,-0.005307634675380757,0.006649807343439673
2006-07-31,2006-07-26,train,T3,3,2,5,0.15006152624024188,55,5,0.009855765483466783,0.009355765483466782,0.014313137636893628,0.01381313763689363,-0.004457372153426847,0.0013421726680589163,-0.005307634675380757,0.006649807343439673
2006-08-31,2006-08-28,train,T3,3,0,1,0.072187833557256,50,1,0.001150268627483797,0.000650268627483797,0.0005096947647216777,9.694764721677184e-06,0.0006405738627621197,0.004775868251112314,0.0019899125752538115,0.0027859556758585025
2006-08-31,2006-08-28,train,T3,3,0,1,0.072187833557256,50,3,0.0016103591415912444,0.0011103591415912444,0.0020114084365201613,0.0015114084365201608,-0.00040104929492891647,0.004775868251112314,0.0019899125752538115,0.0027859556758585025
2006-08-31,2006-08-28,train,T3,3,0,1,0.072187833557256,50,5,0.00950735170951611,0.00900735170951611,0.0022801224090779003,0.0017801224090779,0.007227229300438209,0.004775868251112314,0.0019899125752538115,0.0027859556758585025
2006-09-29,2006-09-26,train,T3,3,1,1,0.07158835949476226,52,1,0.0011975871422262863,0.0006975871422262863,-5.50821735003456e-05,-0.0005550821735003461,0.0012526693157266324,0.008303552484740573,-0.0003027015299992254,0.008606254014739799
2006-09-29,2006-09-26,train,T3,3,1,1,0.07158835949476226,52,3,0.0,-0.0005,0.0018225234069569052,0.0013225234069569047,-0.0018225234069569047,0.008303552484740573,-0.0003027015299992254,0.008606254014739799
2006-09-29,2006-09-26,train,T3,3,1,1,0.07158835949476226,52,5,-0.0016470013313658605,-0.0021470013313658605,0.0038175046655838586,0.003317504665583858,-0.005464505996949719,0.008303552484740573,-0.0003027015299992254,0.008606254014739799
2006-10-31,2006-10-26,train,T3,3,3,1,0.057222850218979805,44,1,-0.006268890488318468,-0.006768890488318469,0.0009245941233579232,0.0004245941233579227,-0.007193484611676391,0.0031079408524676833,5.504929633453161e-05,0.0030528915561331515
2006-10-31,2006-10-26,train,T3,3,3,1,0.057222850218979805,44,3,-0.007133089594213882,-0.007633089594213882,0.005113601879469018,0.004613601879469018,-0.012246691473682899,0.0031079408524676833,5.504929633453161e-05,0.0030528915561331515
2006-10-31,2006-10-26,train,T3,3,3,1,0.057222850218979805,44,5,-0.014411189674746194,-0.014911189674746195,0.003780308329666009,0.0032803083296660085,-0.018191498004412204,0.0031079408524676833,5.504929633453161e-05,0.0030528915561331515
2006-11-30,2006-11-27,train,T3,3,0,1,0.06867965181409155,50,1,0.004335013394329401,0.003835013394329401,0.0005096947647216777,9.694764721677184e-06,0.003825318629607724,-0.013751177958812755,0.0019899125752538115,-0.015741090534066568
2006-11-30,2006-11-27,train,T3,3,0,1,0.06867965181409155,50,3,0.015243691469076559,0.014743691469076559,0.0020114084365201613,0.0015114084365201608,0.013232283032556398,-0.013751177958812755,0.0019899125752538115,-0.015741090534066568
2006-11-30,2006-11-27,train,T3,3,0,1,0.06867965181409155,50,5,0.02073346376905194,0.02023346376905194,0.0022801224090779003,0.0017801224090779,0.018453341359974042,-0.013751177958812755,0.0019899125752538115,-0.015741090534066568
2006-12-29,2006-12-26,train,T3,3,1,3,0.08682381766065927,44,1,0.006568683679479381,0.006068683679479381,-0.00026600952680538354,-0.0007660095268053839,0.006834693206284765,0.005896863855823664,0.0005577714340247856,0.005339092421798879
2006-12-29,2006-12-26,train,T3,3,1,3,0.08682381766065927,44,3,0.00028232386138715704,-0.00021767613861284297,-0.0028871408548779313,-0.0033871408548779318,0.0031694647162650888,0.005896863855823664,0.0005577714340247856,0.005339092421798879
2006-12-29,2006-12-26,train,T3,3,1,3,0.08682381766065927,44,5,0.000635479728490207,0.00013547972849020694,-0.0033639696729622763,-0.0038639696729622767,0.003999449401452484,0.005896863855823664,0.0005577714340247856,0.005339092421798879
2007-01-31,2007-01-26,train,T3,3,4,3,0.08264081485552337,47,1,-0.0005627704495192454,-0.0010627704495192454,0.0010057302325003454,0.000505730232500345,-0.0015685006820195903,-0.0009134936222647827,0.0019813075613381455,-0.0028948011836029282
2007-01-31,2007-01-26,train,T3,3,4,3,0.08264081485552337,47,3,0.011398294514688656,0.010898294514688656,0.0016935910313479823,0.0011935910313479819,0.009704703483340673,-0.0009134936222647827,0.0019813075613381455,-0.0028948011836029282
2007-01-31,2007-01-26,train,T3,3,4,3,0.08264081485552337,47,5,0.018855887830016016,0.018355887830016016,0.0018938767936056257,0.0013938767936056253,0.01696201103641039,-0.0009134936222647827,0.0019813075613381455,-0.0028948011836029282
2007-02-28,2007-02-23,train,T3,3,4,2,0.07597588743754967,34,1,-0.0008946070683442109,-0.001394607068344211,-0.0009361649819731114,-0.001436164981973112,4.155791362890106e-05,-0.0039077391798703065,0.0016437301709888996,-0.005551469350859206
2007-02-28,2007-02-23,train,T3,3,4,2,0.07597588743754967,34,3,-0.030075461302938034,-0.030575461302938034,-0.0013794202561620103,-0.0018794202561620108,-0.028696041046776023,-0.0039077391798703065,0.0016437301709888996,-0.005551469350859206
2007-02-28,2007-02-23,train,T3,3,4,2,0.07597588743754967,34,5,-0.04562947642229431,-0.04612947642229431,-0.0038338824268372884,-0.004333882426837289,-0.04179559399545702,-0.0039077391798703065,0.0016437301709888996,-0.005551469350859206
2007-03-30,2007-03-27,train,T3,3,1,5,0.20470750825108225,52,1,-0.007279841134384957,-0.007779841134384957,-0.003449870728369696,-0.0039498707283696964,-0.0038299704060152607,-0.002374374705142901,-0.0007687175612450761,-0.001605657143897825
2007-03-30,2007-03-27,train,T3,3,1,5,0.20470750825108225,52,3,-0.006019755723682185,-0.006519755723682186,-0.000711479708435669,-0.0012114797084356694,-0.0053082760152465165,-0.002374374705142901,-0.0007687175612450761,-0.001605657143897825
2007-03-30,2007-03-27,train,T3,3,1,5,0.20470750825108225,52,5,0.00580969065612269,0.00530969065612269,0.009968943904176816,0.009468943904176817,-0.0041592532480541275,-0.002374374705142901,-0.0007687175612450761,-0.001605657143897825
2007-04-30,2007-04-25,train,T3,3,2,2,0.07196774621437493,42,1,0.0011374569627866649,0.0006374569627866648,0.0017480419990514226,0.0012480419990514222,-0.0006105850362647573,0.009181512866575758,-0.0005405006450791032,0.009722013511654862
2007-04-30,2007-04-25,train,T3,3,2,2,0.07196774621437493,42,3,-0.007960959917777233,-0.008460959917777233,0.0005476998531079937,4.769985310799323e-05,-0.008508659770885227,0.009181512866575758,-0.0005405006450791032,0.009722013511654862
2007-04-30,2007-04-25,train,T3,3,2,2,0.07196774621437493,42,5,0.0004014511120502551,-9.854888794974493e-05,0.002886875475140496,0.0023868754751404956,-0.0024854243630902406,0.009181512866575758,-0.0005405006450791032,0.009722013511654862
2007-05-31,2007-05-25,train,T3,3,4,3,0.08583505347325107,47,1,0.003625048184610735,0.003125048184610735,0.0010057302325003454,0.000505730232500345,0.00261931795211039,0.0041709674074397185,0.0019813075613381455,0.002189659846101573
2007-05-31,2007-05-25,train,T3,3,4,3,0.08583505347325107,47,3,0.010745168182243914,0.010245168182243913,0.0016935910313479823,0.0011935910313479819,0.009051577150895931,0.0041709674074397185,0.0019813075613381455,0.002189659846101573
2007-05-31,2007-05-25,train,T3,3,4,3,0.08583505347325107,47,5,0.015887133976484114,0.015387133976484113,0.0018938767936056257,0.0013938767936056253,0.013993257182878489,0.0041709674074397185,0.0019813075613381455,0.002189659846101573
2007-06-29,2007-06-26,train,T3,3,1,5,0.1406133211809258,52,1,0.01422870579974611,0.01372870579974611,-0.003449870728369696,-0.0039498707283696964,0.017678576528115806,-0.010277882139519412,-0.0007687175612450761,-0.009509164578274335
2007-06-29,2007-06-26,train,T3,3,1,5,0.1406133211809258,52,3,0.014431234297458628,0.013931234297458628,-0.000711479708435669,-0.0012114797084356694,0.015142714005894297,-0.010277882139519412,-0.0007687175612450761,-0.009509164578274335
2007-06-29,2007-06-26,train,T3,3,1,5,0.1406133211809258,52,5,0.027310335243542427,0.026810335243542427,0.009968943904176816,0.009468943904176817,0.01734139133936561,-0.010277882139519412,-0.0007687175612450761,-0.009509164578274335
2007-07-31,2007-07-26,train,T3,3,3,4,0.1286337317151051,40,1,-0.019659634067016984,-0.020159634067016985,-0.000909023705321832,-0.0014090237053218323,-0.018750610361695154,-0.0236785225490167,-0.002094188401367664,-0.021584334147649036
2007-07-31,2007-07-26,train,T3,3,3,4,0.1286337317151051,40,3,-0.015538511669711097,-0.016038511669711097,0.0005221222754257321,2.2122275425731643e-05,-0.016060633945136828,-0.0236785225490167,-0.002094188401367664,-0.021584334147649036
2007-07-31,2007-07-26,train,T3,3,3,4,0.1286337317151051,40,5,-0.00283734755998144,-0.00333734755998144,0.0018328323948100856,0.0013328323948100852,-0.004670179954791525,-0.0236785225490167,-0.002094188401367664,-0.021584334147649036
2007-08-31,2007-08-28,train,T3,3,1,5,0.2179491395410762,52,1,0.019621381350559908,0.019121381350559907,-0.003449870728369696,-0.0039498707283696964,0.023071252078929603,-0.0219799142302336,-0.0007687175612450761,-0.021211196668988522
2007-08-31,2007-08-28,train,T3,3,1,5,0.2179491395410762,52,3,0.02692697799378152,0.02642697799378152,-0.000711479708435669,-0.0012114797084356694,0.02763845770221719,-0.0219799142302336,-0.0007687175612450761,-0.021211196668988522
2007-08-31,2007-08-28,train,T3,3,1,5,0.2179491395410762,52,5,0.02831904488785586,0.02781904488785586,0.009968943904176816,0.009468943904176817,0.018350100983679042,-0.0219799142302336,-0.0007687175612450761,-0.021211196668988522
2007-09-28,2007-09-25,train,T3,3,1,5,0.18499541936851602,52,1,0.005284087157454209,0.004784087157454209,-0.003449870728369696,-0.0039498707283696964,0.008733957885823904,-0.001977232225013892,-0.0007687175612450761,-0.001208514663768816
2007-09-28,2007-09-25,train,T3,3,1,5,0.18499541936851602,52,3,0.00786042280398247,0.007360422803982469,-0.000711479708435669,-0.0012114797084356694,0.008571902512418138,-0.001977232225013892,-0.0007687175612450761,-0.001208514663768816
2007-09-28,2007-09-25,train,T3,3,1,5,0.18499541936851602,52,5,0.01783455177635318,0.01733455177635318,0.009968943904176816,0.009468943904176817,0.007865607872176363,-0.001977232225013892,-0.0007687175612450761,-0.001208514663768816
2007-10-31,2007-10-26,train,T3,3,4,4,0.13664491652223953,34,1,0.0033200630128242814,0.0028200630128242814,-0.00132570694670774,-0.0018257069467077405,0.004645769959532022,0.01172256297621499,0.0022078638918464656,0.009514699084368524
2007-10-31,2007-10-26,train,T3,3,4,4,0.13664491652223953,34,3,0.0067051260952160074,0.006205126095216007,-0.002577466490418649,-0.0030774664904186493,0.009282592585634656,0.01172256297621499,0.0022078638918464656,0.009514699084368524
2007-10-31,2007-10-26,train,T3,3,4,4,0.13664491652223953,34,5,-0.015752784427304434,-0.016252784427304434,-0.0009824867596311632,-0.0014824867596311636,-0.01477029766767327,0.01172256297621499,0.0022078638918464656,0.009514699084368524
2007-11-30,2007-11-27,train,T3,3,1,5,0.23739710065061814,52,1,0.03198409222656129,0.03148409222656129,-0.003449870728369696,-0.0039498707283696964,0.03543396295493099,0.01149332326674779,-0.0007687175612450761,0.012262040827992867
2007-11-30,2007-11-27,train,T3,3,1,5,0.23739710065061814,52,3,0.04271572138923774,0.04221572138923774,-0.000711479708435669,-0.0012114797084356694,0.04342720109767341,0.01149332326674779,-0.0007687175612450761,0.012262040827992867
2007-11-30,2007-11-27,train,T3,3,1,5,0.23739710065061814,52,5,0.02658329653502256,0.02608329653502256,0.009968943904176816,0.009468943904176817,0.016614352630845743,0.01149332326674779,-0.0007687175612450761,0.012262040827992867
2007-12-31,2007-12-26,train,T3,3,2,5,0.20829503371861027,55,1,-0.012570678879844976,-0.013070678879844977,0.006011890294552636,0.005511890294552636,-0.018582569174397615,0.0021439896729293917,-0.005307634675380757,0.0074516243483101485
2007-12-31,2007-12-26,train,T3,3,2,5,0.20829503371861027,55,3,-0.022333553118271454,-0.022833553118271455,0.012554192586858123,0.012054192586858123,-0.03488774570512958,0.0021439896729293917,-0.005307634675380757,0.0074516243483101485
2007-12-31,2007-12-26,train,T3,3,2,5,0.20829503371861027,55,5,-0.03136017294439508,-0.03186017294439508,0.014313137636893628,0.01381313763689363,-0.04567331058128871,0.0021439896729293917,-0.005307634675380757,0.0074516243483101485
2008-01-31,2008-01-28,train,T3,3,0,4,0.20194731820328213,38,1,0.0049538699051767665,0.004453869905176766,0.001160237598261735,0.0006602375982617347,0.0037936323069150315,0.016536702666155367,-0.0010293760793063393,0.017566078745461705
2008-01-31,2008-01-28,train,T3,3,0,4,0.20194731820328213,38,3,0.015749530076307305,0.015249530076307305,-0.00040033425674513906,-0.0009003342567451395,0.016149864333052443,0.016536702666155367,-0.0010293760793063393,0.017566078745461705
2008-01-31,2008-01-28,train,T3,3,0,4,0.20194731820328213,38,5,0.019077147202316347,0.018577147202316346,0.00016243827837128668,-0.00033756172162871376,0.01891470892394506,0.016536702666155367,-0.0010293760793063393,0.017566078745461705
2008-02-29,2008-02-26,train,T3,3,1,3,0.18177734153389916,44,1,-0.0010111640928638366,-0.0015111640928638366,-0.00026600952680538354,-0.0007660095268053839,-0.0007451545660584526,0.007499509743975397,0.0005577714340247856,0.006941738309950611
2008-02-29,2008-02-26,train,T3,3,1,3,0.18177734153389916,44,3,-0.03281250375917266,-0.03331250375917266,-0.0028871408548779313,-0.0033871408548779318,-0.02992536290429473,0.007499509743975397,0.0005577714340247856,0.006941738309950611
2008-02-29,2008-02-26,train,T3,3,1,3,0.18177734153389916,44,5,-0.03881127024607944,-0.039311270246079444,-0.0033639696729622763,-0.0038639696729622767,-0.035447300573117166,0.007499509743975397,0.0005577714340247856,0.006941738309950611
2008-03-31,2008-03-26,train,T3,3,2,5,0.2872580612538956,55,1,-0.0031532094141606404,-0.0036532094141606404,0.006011890294552636,0.005511890294552636,-0.009165099708713277,-0.012235541260939509,-0.005307634675380757,-0.006927906585558752
2008-03-31,2008-03-26,train,T3,3,2,5,0.2872580612538956,55,3,-0.009234536515196567,-0.009734536515196568,0.012554192586858123,0.012054192586858123,-0.02178872910205469,-0.012235541260939509,-0.005307634675380757,-0.006927906585558752
2008-03-31,2008-03-26,train,T3,3,2,5,0.2872580612538956,55,5,0.026275889459265622,0.025775889459265622,0.014313137636893628,0.01381313763689363,0.011962751822371992,-0.012235541260939509,-0.005307634675380757,-0.006927906585558752
2008-04-30,2008-04-25,train,T3,3,4,3,0.18548825481618123,47,1,0.00021523160053016355,-0.00028476839946983646,0.0010057302325003454,0.000505730232500345,-0.0007904986319701814,0.009254242383932576,0.0019813075613381455,0.00727293482259443
2008-04-30,2008-04-25,train,T3,3,4,3,0.18548825481618123,47,3,-0.009599007913971058,-0.010099007913971059,0.0016935910313479823,0.0011935910313479819,-0.011292598945319041,0.009254242383932576,0.0019813075613381455,0.00727293482259443
2008-04-30,2008-04-25,train,T3,3,4,3,0.18548825481618123,47,5,0.013681825849774398,0.013181825849774398,0.0018938767936056257,0.0013938767936056253,0.011787949056168773,0.009254242383932576,0.0019813075613381455,0.00727293482259443
2008-05-30,2008-05-27,train,T3,3,1,2,0.151442547539391,42,1,0.004615774653965232,0.004115774653965232,-0.0020075253846126005,-0.002507525384612601,0.006623300038577832,0.007410593126919496,-0.0005367266661031415,0.007947319793022637
2008-05-30,2008-05-27,train,T3,3,1,2,0.151442547539391,42,3,0.012188160301825901,0.0116881603018259,-0.00019010192457613066,-0.0006901019245761311,0.012378262226402032,0.007410593126919496,-0.0005367266661031415,0.007947319793022637
2008-05-30,2008-05-27,train,T3,3,1,2,0.151442547539391,42,5,-0.004110573922210148,-0.004610573922210148,0.000737580524856737,0.0002375805248567366,-0.004848154447066885,0.007410593126919496,-0.0005367266661031415,0.007947319793022637
2008-06-30,2008-06-25,train,T3,3,2,2,0.17466080186082303,42,1,-0.027160084151486186,-0.027660084151486186,0.0017480419990514226,0.0012480419990514222,-0.02890812615053761,0.0047261908350895165,-0.0005405006450791032,0.00526669148016862
2008-06-30,2008-06-25,train,T3,3,2,2,0.17466080186082303,42,3,-0.029056977125166195,-0.029556977125166195,0.0005476998531079937,4.769985310799323e-05,-0.029604676978274187,0.0047261908350895165,-0.0005405006450791032,0.00526669148016862
2008-06-30,2008-06-25,train,T3,3,2,2,0.17466080186082303,42,5,-0.042713041721966216,-0.04321304172196622,0.002886875475140496,0.0023868754751404956,-0.04559991719710671,0.0047261908350895165,-0.0005405006450791032,0.00526669148016862
2008-07-31,2008-07-28,train,T3,3,0,3,0.1954505126338362,46,1,0.021352117317118502,0.0208521173171185,0.000916236836269199,0.0004162368362691986,0.0204358804808493,-0.014663713221777841,-0.000680179867075231,-0.01398353335470261
2008-07-31,2008-07-28,train,T3,3,0,3,0.1954505126338362,46,3,0.02580074739461824,0.02530074739461824,-0.0005007303240408545,-0.001000730324040855,0.026301477718659094,-0.014663713221777841,-0.000680179867075231,-0.01398353335470261
2008-07-31,2008-07-28,train,T3,3,0,3,0.1954505126338362,46,5,0.010918379754132568,0.010418379754132567,-0.0023059649897345246,-0.002805964989734525,0.013224344743867092,-0.014663713221777841,-0.000680179867075231,-0.01398353335470261
2008-08-29,2008-08-26,train,T3,3,1,4,0.21907140918568926,45,1,0.009734175080114538,0.009234175080114537,3.2792708654880464e-05,-0.00046720729134512,0.009701382371459658,0.00291292252484876,-0.0004470061676874717,0.003359928692536232
2008-08-29,2008-08-26,train,T3,3,1,4,0.21907140918568926,45,3,0.010989818066553525,0.010489818066553525,-0.0027933072317911866,-0.003293307231791187,0.013783125298344712,0.00291292252484876,-0.0004470061676874717,0.003359928692536232
2008-08-29,2008-08-26,train,T3,3,1,4,0.21907140918568926,45,5,0.003846548993152954,0.003346548993152954,0.0018514859784671378,0.0013514859784671373,0.001995063014685817,0.00291292252484876,-0.0004470061676874717,0.003359928692536232
2008-09-30,2008-09-25,train,T3,3,3,5,0.37790399568495353,50,1,0.0004969854885312763,-3.014511468723679e-06,-0.0005046478654548725,-0.001004647865454873,0.0010016333539861492,0.015639501573824877,0.0038667488487956645,0.011772752725029211
2008-09-30,2008-09-25,train,T3,3,3,5,0.37790399568495353,50,3,-0.03973801102364394,-0.04023801102364394,0.012492253630936931,0.01199225363093693,-0.05223026465458087,0.015639501573824877,0.0038667488487956645,0.011772752725029211
2008-09-30,2008-09-25,train,T3,3,3,5,0.37790399568495353,50,5,-0.07401241964898064,-0.07451241964898064,0.013795934386841745,0.013295934386841748,-0.08780835403582239,0.015639501573824877,0.0038667488487956645,0.011772752725029211
2008-10-31,2008-10-28,train,T3,3,1,5,0.8531837166689927,52,1,-0.007252794926437045,-0.0077527949264370455,-0.003449870728369696,-0.0039498707283696964,-0.003802924198067349,0.11685552648706876,-0.0007687175612450761,0.11762424404831384
2008-10-31,2008-10-28,train,T3,3,1,5,0.8531837166689927,52,3,0.03274270892922093,0.03224270892922093,-0.000711479708435669,-0.0012114797084356694,0.033454188637656604,0.11685552648706876,-0.0007687175612450761,0.11762424404831384
2008-10-31,2008-10-28,train,T3,3,1,5,0.8531837166689927,52,5,0.07092498586781115,0.07042498586781115,0.009968943904176816,0.009468943904176817,0.060956041963634335,0.11685552648706876,-0.0007687175612450761,0.11762424404831384
2008-11-28,2008-11-24,train,T3,3,0,5,0.7772760718954099,62,1,0.007409355500878068,0.006909355500878067,-1.9491191284218368e-05,-0.0005194911912842188,0.007428846692162286,0.06929083156069793,0.003746900141065211,0.06554393141963272
2008-11-28,2008-11-24,train,T3,3,0,5,0.7772760718954099,62,3,0.05950818702050942,0.05900818702050942,0.000620938437471286,0.00012093843747128554,0.058887248583038135,0.06929083156069793,0.003746900141065211,0.06554393141963272
2008-11-28,2008-11-24,train,T3,3,0,5,0.7772760718954099,62,5,0.0028225553807381676,0.0023225553807381676,0.0018880702786119165,0.001388070278611916,0.0009344851021262516,0.06929083156069793,0.003746900141065211,0.06554393141963272
2008-12-31,2008-12-26,train,T3,3,4,4,0.4944774559642732,34,1,-0.002868189883638128,-0.003368189883638128,-0.00132570694670774,-0.0018257069467077405,-0.0015424829369303876,0.0057690497399423,0.0022078638918464656,0.0035611858480958346
2008-12-31,2008-12-26,train,T3,3,4,4,0.4944774559642732,34,3,0.03533708825222304,0.034837088252223036,-0.002577466490418649,-0.0030774664904186493,0.03791455474264169,0.0057690497399423,0.0022078638918464656,0.0035611858480958346
2008-12-31,2008-12-26,train,T3,3,4,4,0.4944774559642732,34,5,0.06528216238286833,0.06478216238286832,-0.0009824867596311632,-0.0014824867596311636,0.0662646491424995,0.0057690497399423,0.0022078638918464656,0.0035611858480958346
2009-01-30,2009-01-27,validation,T3,3,1,4,0.3582630543574646,36,1,0.03383469185814225,0.03333469185814225,-0.0006065709579429818,-0.0011065709579429822,0.034441262816085234,0.010157254498870616,0.00013372435577441166,0.010023530143096204
2009-01-30,2009-01-27,validation,T3,3,1,4,0.3582630543574646,36,3,-0.020110802334485256,-0.020610802334485256,0.003337087124277762,0.0028370871242777615,-0.023447889458763017,0.010157254498870616,0.00013372435577441166,0.010023530143096204
2009-01-30,2009-01-27,validation,T3,3,1,4,0.3582630543574646,36,5,-0.009345644262781283,-0.009845644262781283,0.006277615116648782,0.005777615116648782,-0.015623259379430064,0.010157254498870616,0.00013372435577441166,0.010023530143096204
2009-02-27,2009-02-24,validation,T3,3,1,4,0.3470446534034089,36,1,-0.00787242159618351,-0.00837242159618351,-0.0006065709579429818,-0.0011065709579429822,-0.007265850638240528,0.03791037820060539,0.00013372435577441166,0.037776653844830976
2009-02-27,2009-02-24,validation,T3,3,1,4,0.3470446534034089,36,3,-0.045818411243524815,-0.046318411243524815,0.003337087124277762,0.0028370871242777615,-0.04915549836780258,0.03791037820060539,0.00013372435577441166,0.037776653844830976
2009-02-27,2009-02-24,validation,T3,3,1,4,0.3470446534034089,36,5,-0.09563785750931797,-0.09613785750931797,0.006277615116648782,0.005777615116648782,-0.10191547262596676,0.03791037820060539,0.00013372435577441166,0.037776653844830976
2009-03-31,2009-03-26,validation,T3,3,3,4,0.48676974593392713,32,1,-0.018048518005081227,-0.018548518005081227,0.0009748772362149286,0.0004748772362149281,-0.019023395241296155,0.020380651696667362,0.003138512326716799,0.017242139369950563
2009-03-31,2009-03-26,validation,T3,3,3,4,0.48676974593392713,32,3,-0.04319579740197499,-0.04369579740197499,0.00522709821442173,0.004727098214421729,-0.04842289561639672,0.020380651696667362,0.003138512326716799,0.017242139369950563
2009-03-31,2009-03-26,validation,T3,3,3,4,0.48676974593392713,32,5,0.0038508699532493473,0.0033508699532493473,0.0058958143056279215,0.005395814305627921,-0.0020449443523785737,0.020380651696667362,0.003138512326716799,0.017242139369950563
2009-04-30,2009-04-27,validation,T3,3,0,3,0.33181785303926375,31,1,-0.0031456878642960318,-0.0036456878642960318,0.0015353769520008854,0.001035376952000885,-0.004681064816296917,-0.009462436329873647,-0.001620097395190713,-0.007842338934682934
2009-04-30,2009-04-27,validation,T3,3,0,3,0.33181785303926375,31,3,0.018405788216062646,0.017905788216062646,0.0031099991171208356,0.002609999117120835,0.01529578909894181,-0.009462436329873647,-0.001620097395190713,-0.007842338934682934
2009-04-30,2009-04-27,validation,T3,3,0,3,0.33181785303926375,31,5,0.05871386708451509,0.05821386708451509,0.007390113824466369,0.006890113824466368,0.051323753260048725,-0.009462436329873647,-0.001620097395190713,-0.007842338934682934
2009-05-29,2009-05-26,validation,T3,3,1,2,0.2560040756870779,31,1,-0.017853730070220286,-0.018353730070220287,0.0006807106060205851,0.00018071060602058468,-0.01853444067624087,0.025612537408460367,-0.001795245812064687,0.027407783220525055
2009-05-29,2009-05-26,validation,T3,3,1,2,0.2560040756870779,31,3,0.013472314397334317,0.012972314397334317,0.002415424550957295,0.0019154245509572948,0.011056889846377023,0.025612537408460367,-0.001795245812064687,0.027407783220525055
2009-05-29,2009-05-26,validation,T3,3,1,2,0.2560040756870779,31,5,0.038882199066313516,0.038382199066313516,0.005455919431832194,0.004955919431832194,0.033426279634481325,0.025612537408460367,-0.001795245812064687,0.027407783220525055
2009-06-30,2009-06-25,validation,T3,3,3,1,0.20485771999287042,35,1,-0.0026060161995966613,-0.0031060161995966613,-0.0013213774459676436,-0.001821377445967644,-0.0012846387536290173,0.021748642605278867,0.0005740088412595703,0.021174633764019297
2009-06-30,2009-06-25,validation,T3,3,3,1,0.20485771999287042,35,3,-0.0014122338963342695,-0.0019122338963342696,0.002236995476981491,0.0017369954769814906,-0.00364922937331576,0.021748642605278867,0.0005740088412595703,0.021174633764019297
2009-06-30,2009-06-25,validation,T3,3,3,1,0.20485771999287042,35,5,-0.024652875021966003,-0.025152875021966004,0.0058435316456228415,0.005343531645622841,-0.030496406667588846,0.021748642605278867,0.0005740088412595703,0.021174633764019297
2009-07-31,2009-07-28,validation,T3,3,1,1,0.20930687019184493,42,1,-0.0024514487819059516,-0.0029514487819059516,0.0016095088703995146,0.0011095088703995141,-0.004060957652305465,-0.00467743971122736,0.00020603841943115481,-0.004883478130658515
2009-07-31,2009-07-28,validation,T3,3,1,1,0.20930687019184493,42,3,0.009398313153651472,0.008898313153651471,0.00037140288752662577,-0.00012859711247337468,0.009026910266124847,-0.00467743971122736,0.00020603841943115481,-0.004883478130658515
2009-07-31,2009-07-28,validation,T3,3,1,1,0.20930687019184493,42,5,0.028705323059809995,0.028205323059809995,0.002793670099747773,0.0022936700997477724,0.02591165296006222,-0.00467743971122736,0.00020603841943115481,-0.004883478130658515
2009-08-31,2009-08-26,validation,T3,3,2,1,0.16656890001275543,41,1,0.0022291558127232047,0.0017291558127232047,0.0008587754757059759,0.00035877547570597557,0.0013703803370172293,9.74441239236512e-05,0.0025054520750241675,-0.0024080079511005163
2009-08-31,2009-08-26,validation,T3,3,2,1,0.16656890001275543,41,3,-0.006881935318658439,-0.007381935318658439,0.0022174693014166656,0.0017174693014166652,-0.009099404620075104,9.74441239236512e-05,0.0025054520750241675,-0.0024080079511005163
2009-08-31,2009-08-26,validation,T3,3,2,1,0.16656890001275543,41,5,-0.0324709181211954,-0.0329709181211954,0.005067624436048839,0.004567624436048839,-0.037538542557244245,9.74441239236512e-05,0.0025054520750241675,-0.0024080079511005163
2009-09-30,2009-09-25,validation,T3,3,4,1,0.1440686033611243,41,1,0.01790369984412088,0.01740369984412088,0.0009444401797052835,0.00044444017970528304,0.016959259664415596,-0.005332870472895768,4.695597732087492e-05,-0.0053798264502166425
2009-09-30,2009-09-25,validation,T3,3,4,1,0.1440686033611243,41,3,0.010914395148394762,0.010414395148394762,0.003526015935322773,0.0030260159353227727,0.007388379213071989,-0.005332870472895768,4.695597732087492e-05,-0.0053798264502166425
2009-09-30,2009-09-25,validation,T3,3,4,1,0.1440686033611243,41,5,-0.018764871989177423,-0.019264871989177423,0.004400372469772702,0.003900372469772702,-0.023165244458950126,-0.005332870472895768,4.695597732087492e-05,-0.0053798264502166425
2009-10-30,2009-10-27,validation,T3,3,1,1,0.16703893905838485,42,1,-0.018887841844967723,-0.019387841844967724,0.0016095088703995146,0.0011095088703995141,-0.02049735071536724,-0.004583126768968437,0.00020603841943115481,-0.0047891651883995925
2009-10-30,2009-10-27,validation,T3,3,1,1,0.16703893905838485,42,3,-0.026874636505088922,-0.027374636505088923,0.00037140288752662577,-0.00012859711247337468,-0.027246039392615547,-0.004583126768968437,0.00020603841943115481,-0.0047891651883995925
2009-10-30,2009-10-27,validation,T3,3,1,1,0.16703893905838485,42,5,-0.016632539575500926,-0.017132539575500927,0.002793670099747773,0.0022936700997477724,-0.0194262096752487,-0.004583126768968437,0.00020603841943115481,-0.0047891651883995925
2009-11-30,2009-11-24,validation,T3,3,1,2,0.2078134226723561,31,1,0.0035136181131845134,0.0030136181131845134,0.0006807106060205851,0.00018071060602058468,0.002832907507163929,0.0015340864241069063,-0.001795245812064687,0.0033293322361715935
2009-11-30,2009-11-24,validation,T3,3,1,2,0.2078134226723561,31,3,-0.009460469452205467,-0.009960469452205467,0.002415424550957295,0.0019154245509572948,-0.011875894003162761,0.0015340864241069063,-0.001795245812064687,0.0033293322361715935
2009-11-30,2009-11-24,validation,T3,3,1,2,0.2078134226723561,31,5,0.0023427215171953897,0.0018427215171953897,0.005455919431832194,0.004955919431832194,-0.003113197914636804,0.0015340864241069063,-0.001795245812064687,0.0033293322361715935
2009-12-31,2009-12-28,validation,T3,3,0,1,0.12017623312730973,44,1,-0.0014191434625027144,-0.0019191434625027144,-5.5481223796212525e-05,-0.0005554812237962129,-0.0013636622387065015,0.0021336671686953412,0.0012812562922807661,0.0008524108764145751
2009-12-31,2009-12-28,validation,T3,3,0,1,0.12017623312730973,44,3,-0.011355602493633876,-0.011855602493633877,0.00205431511531353,0.0015543151153135295,-0.013409917608947407,0.0021336671686953412,0.0012812562922807661,0.0008524108764145751
2009-12-31,2009-12-28,validation,T3,3,0,1,0.12017623312730973,44,5,0.008073088843163045,0.007573088843163045,0.0014982064134759397,0.0009982064134759392,0.006574882429687106,0.0021336671686953412,0.0012812562922807661,0.0008524108764145751
2010-01-29,2010-01-26,validation,T3,3,1,2,0.15764761023119797,31,1,0.004756916575263892,0.0042569165752638916,0.0006807106060205851,0.00018071060602058468,0.0040762059692433066,-0.004190629872601548,-0.001795245812064687,-0.0023953840605368606
2010-01-29,2010-01-26,validation,T3,3,1,2,0.15764761023119797,31,3,-0.01756490836011826,-0.01806490836011826,0.002415424550957295,0.0019154245509572948,-0.019980332911075555,-0.004190629872601548,-0.001795245812064687,-0.0023953840605368606
2010-01-29,2010-01-26,validation,T3,3,1,2,0.15764761023119797,31,5,0.009788440124569808,0.009288440124569808,0.005455919431832194,0.004955919431832194,0.004332520692737614,-0.004190629872601548,-0.001795245812064687,-0.0023953840605368606
2010-02-26,2010-02-23,validation,T3,3,1,2,0.17471974186159106,31,1,0.009197814228865786,0.008697814228865786,0.0006807106060205851,0.00018071060602058468,0.0085171036228452,-0.012144653481539813,-0.001795245812064687,-0.010349407669475126
2010-02-26,2010-02-23,validation,T3,3,1,2,0.17471974186159106,31,3,0.008469485168228319,0.007969485168228319,0.002415424550957295,0.0019154245509572948,0.006054060617271024,-0.012144653481539813,-0.001795245812064687,-0.010349407669475126
2010-02-26,2010-02-23,validation,T3,3,1,2,0.17471974186159106,31,5,0.021765223631272868,0.021265223631272867,0.005455919431832194,0.004955919431832194,0.016309304199440672,-0.012144653481539813,-0.001795245812064687,-0.010349407669475126
2010-03-31,2010-03-26,validation,T3,3,4,1,0.07608106262984447,41,1,0.0063478019771539,0.005847801977153899,0.0009444401797052835,0.00044444017970528304,0.0054033617974486164,-0.0006004772669964131,4.695597732087492e-05,-0.0006474332443172881
2010-03-31,2010-03-26,validation,T3,3,4,1,0.07608106262984447,41,3,0.003603102295940186,0.003103102295940186,0.003526015935322773,0.0030260159353227727,7.708636061741318e-05,-0.0006004772669964131,4.695597732087492e-05,-0.0006474332443172881
2010-03-31,2010-03-26,validation,T3,3,4,1,0.07608106262984447,41,5,0.018699607148388253,0.018199607148388253,0.004400372469772702,0.003900372469772702,0.01429923467861555,-0.0006004772669964131,4.695597732087492e-05,-0.0006474332443172881
2010-04-30,2010-04-27,validation,T3,3,1,1,0.09810555248632118,42,1,0.007596044361126486,0.007096044361126486,0.0016095088703995146,0.0011095088703995141,0.0059865354907269715,-0.02365055723249143,0.00020603841943115481,-0.023856595651922587
2010-04-30,2010-04-27,validation,T3,3,1,1,0.09810555248632118,42,3,0.0027851904227076396,0.0022851904227076396,0.00037140288752662577,-0.00012859711247337468,0.0024137875351810142,-0.02365055723249143,0.00020603841943115481,-0.023856595651922587
2010-04-30,2010-04-27,validation,T3,3,1,1,0.09810555248632118,42,5,-0.00810317092361812,-0.00860317092361812,0.002793670099747773,0.0022936700997477724,-0.010896841023365892,-0.02365055723249143,0.00020603841943115481,-0.023856595651922587
2010-05-28,2010-05-25,validation,T3,3,1,5,0.3073260100503579,24,1,-0.006028445630349544,-0.006528445630349544,-0.002223941920259561,-0.0027239419202595614,-0.003804503710089983,0.0010211017266910094,0.007288836334293063,-0.006267734607602053
2010-05-28,2010-05-25,validation,T3,3,1,5,0.3073260100503579,24,3,0.014376070312965172,0.013876070312965172,0.002530485287108322,0.0020304852871083218,0.01184558502585685,0.0010211017266910094,0.007288836334293063,-0.006267734607602053
2010-05-28,2010-05-25,validation,T3,3,1,5,0.3073260100503579,24,5,0.023279824666277316,0.022779824666277315,0.002333772356661948,0.0018337723566619474,0.020946052309615368,0.0010211017266910094,0.007288836334293063,-0.006267734607602053
2010-06-30,2010-06-25,validation,T3,3,4,5,0.2760898910763306,26,1,-0.0031518182940498685,-0.0036518182940498685,-0.001412443522796548,-0.0019124435227965485,-0.00173937477125332,0.004188948449872498,-0.0010450103107772502,0.005233958760649748
2010-06-30,2010-06-25,validation,T3,3,4,5,0.2760898910763306,26,3,-0.043107306747254825,-0.043607306747254826,0.0016787126448097878,0.0011787126448097873,-0.04478601939206461,0.004188948449872498,-0.0010450103107772502,0.005233958760649748
2010-06-30,2010-06-25,validation,T3,3,4,5,0.2760898910763306,26,5,-0.052563420808611316,-0.05306342080861132,0.002756145180395071,0.0022561451803950706,-0.055319565989006385,0.004188948449872498,-0.0010450103107772502,0.005233958760649748
2010-07-30,2010-07-27,validation,T3,3,1,5,0.23666056245924003,24,1,-0.006454464608170785,-0.006954464608170785,-0.002223941920259561,-0.0027239419202595614,-0.004230522687911223,-8.959684152920477e-05,0.007288836334293063,-0.0073784331758222675
2010-07-30,2010-07-27,validation,T3,3,1,5,0.23666056245924003,24,3,-0.011474613865843697,-0.011974613865843697,0.002530485287108322,0.0020304852871083218,-0.014005099152952019,-8.959684152920477e-05,0.007288836334293063,-0.0073784331758222675
2010-07-30,2010-07-27,validation,T3,3,1,5,0.23666056245924003,24,5,0.006006622382677351,0.005506622382677351,0.002333772356661948,0.0018337723566619474,0.0036728500260154034,-8.959684152920477e-05,0.007288836334293063,-0.0073784331758222675
2010-08-31,2010-08-26,validation,T3,3,3,3,0.1666808174354968,28,1,0.015489932113658567,0.014989932113658566,0.0022971281962827334,0.0017971281962827332,0.013192803917375833,-0.006702192952471431,0.0018661910914702015,-0.008568384043941632
2010-08-31,2010-08-26,validation,T3,3,3,3,0.1666808174354968,28,3,0.0007600845379267529,0.0002600845379267529,0.004994432614808689,0.004494432614808689,-0.0042343480768819355,-0.006702192952471431,0.0018661910914702015,-0.008568384043941632
2010-08-31,2010-08-26,validation,T3,3,3,3,0.1666808174354968,28,5,0.04029249257725409,0.03979249257725409,0.006503645388686629,0.006003645388686628,0.033788847188567464,-0.006702192952471431,0.0018661910914702015,-0.008568384043941632
2010-09-30,2010-09-27,validation,T3,3,0,3,0.17368081729139406,31,1,0.0035005844623212656,0.0030005844623212656,0.0015353769520008854,0.001035376952000885,0.0019652075103203806,-0.004790312405595354,-0.001620097395190713,-0.003170215010404641
2010-09-30,2010-09-27,validation,T3,3,0,3,0.17368081729139406,31,3,-0.0012253371932015034,-0.0017253371932015034,0.0031099991171208356,0.002609999117120835,-0.0043353363103223385,-0.004790312405595354,-0.001620097395190713,-0.003170215010404641
2010-09-30,2010-09-27,validation,T3,3,0,3,0.17368081729139406,31,5,-0.0045504945382394135,-0.005050494538239414,0.007390113824466369,0.006890113824466368,-0.011940608362705782,-0.004790312405595354,-0.001620097395190713,-0.003170215010404641
2010-10-29,2010-10-26,validation,T3,3,1,1,0.10686030214709381,42,1,-0.0028638378303530443,-0.0033638378303530443,0.0016095088703995146,0.0011095088703995141,-0.004473346700752558,0.00016870978299676764,0.00020603841943115481,-3.732863643438717e-05
2010-10-29,2010-10-26,validation,T3,3,1,1,0.10686030214709381,42,3,-0.0019371969299999403,-0.0024371969299999403,0.00037140288752662577,-0.00012859711247337468,-0.0023085998175265657,0.00016870978299676764,0.00020603841943115481,-3.732863643438717e-05
2010-10-29,2010-10-26,validation,T3,3,1,1,0.10686030214709381,42,5,0.006317464551176988,0.005817464551176987,0.002793670099747773,0.0022936700997477724,0.003523794451429215,0.00016870978299676764,0.00020603841943115481,-3.732863643438717e-05
2010-11-30,2010-11-24,validation,T3,3,2,3,0.13519295958929597,33,1,-0.01164759626530476,-0.012147596265304761,0.0018401665880707387,0.0013401665880707382,-0.013487762853375499,0.014774324817800055,-0.00210642766630054,0.016880752484100595
2010-11-30,2010-11-24,validation,T3,3,2,3,0.13519295958929597,33,3,-0.014226181499920276,-0.014726181499920277,0.005950160788222468,0.005450160788222467,-0.020176342288142746,0.014774324817800055,-0.00210642766630054,0.016880752484100595
2010-11-30,2010-11-24,validation,T3,3,2,3,0.13519295958929597,33,5,0.019633931007630334,0.019133931007630334,0.009036629184568035,0.008536629184568035,0.010597301823062299,0.014774324817800055,-0.00210642766630054,0.016880752484100595
2010-12-31,2010-12-28,validation,T3,3,1,1,0.09303733612698678,42,1,0.0007149841866362916,0.00021498418663629159,0.0016095088703995146,0.0011095088703995141,-0.0008945246837632225,0.001433137603447765,0.00020603841943115481,0.0012270991840166103
2010-12-31,2010-12-28,validation,T3,3,1,1,0.09303733612698678,42,3,-0.0006361450186985751,-0.001136145018698575,0.00037140288752662577,-0.00012859711247337468,-0.0010075479062252005,0.001433137603447765,0.00020603841943115481,0.0012270991840166103
2010-12-31,2010-12-28,validation,T3,3,1,1,0.09303733612698678,42,5,0.009139113029805968,0.008639113029805967,0.002793670099747773,0.0022936700997477724,0.006345442930058195,0.001433137603447765,0.00020603841943115481,0.0012270991840166103
2011-01-31,2011-01-26,validation,T3,3,2,1,0.07261338953370482,41,1,0.002467987091435253,0.001967987091435253,0.0008587754757059759,0.00035877547570597557,0.0016092116157292776,0.0038705329978072633,0.0025054520750241675,0.0013650809227830959
2011-01-31,2011-01-26,validation,T3,3,2,1,0.07261338953370482,41,3,-0.007634637454711601,-0.008134637454711602,0.0022174693014166656,0.0017174693014166652,-0.009852106756128267,0.0038705329978072633,0.0025054520750241675,0.0013650809227830959
2011-01-31,2011-01-26,validation,T3,3,2,1,0.07261338953370482,41,5,0.006323751848858805,0.005823751848858805,0.005067624436048839,0.004567624436048839,0.001256127412809966,0.0038705329978072633,0.0025054520750241675,0.0013650809227830959
2011-02-28,2011-02-23,validation,T3,3,2,3,0.12641069247983663,33,1,-0.0006871226224287597,-0.0011871226224287597,0.0018401665880707387,0.0013401665880707382,-0.002527289210499498,-0.006144428492899201,-0.00210642766630054,-0.004038000826598661
2011-02-28,2011-02-23,validation,T3,3,2,3,0.12641069247983663,33,3,0.01625719697083028,0.01575719697083028,0.005950160788222468,0.005450160788222467,0.010307036182607811,-0.006144428492899201,-0.00210642766630054,-0.004038000826598661
2011-02-28,2011-02-23,validation,T3,3,2,3,0.12641069247983663,33,5,0.001450421728509621,0.000950421728509621,0.009036629184568035,0.008536629184568035,-0.007586207456058414,-0.006144428492899201,-0.00210642766630054,-0.004038000826598661
2011-03-31,2011-03-28,validation,T3,3,0,4,0.1732951259547659,30,1,0.0067185186481240056,0.006218518648124005,0.002710508405394296,0.0022105084053942957,0.004008010242729709,-0.0024370951259011786,-0.001199682071581661,-0.0012374130543195176
2011-03-31,2011-03-28,validation,T3,3,0,4,0.1732951259547659,30,3,0.012291955939084831,0.01179195593908483,0.004983613528073934,0.0044836135280739335,0.007308342411010897,-0.0024370951259011786,-0.001199682071581661,-0.0012374130543195176
2011-03-31,2011-03-28,validation,T3,3,0,4,0.1732951259547659,30,5,0.017406886976336633,0.016906886976336633,0.004047967836136908,0.003547967836136908,0.013358919140199724,-0.0024370951259011786,-0.001199682071581661,-0.0012374130543195176
2011-04-29,2011-04-26,validation,T3,3,1,1,0.08783852419859764,42,1,0.0065291336417285795,0.006029133641728579,0.0016095088703995146,0.0011095088703995141,0.004919624771329065,0.008604792258532612,0.00020603841943115481,0.008398753839101457
2011-04-29,2011-04-26,validation,T3,3,1,1,0.08783852419859764,42,3,0.012167397661361434,0.011667397661361434,0.00037140288752662577,-0.00012859711247337468,0.01179599477383481,0.008604792258532612,0.00020603841943115481,0.008398753839101457
2011-04-29,2011-04-26,validation,T3,3,1,1,0.08783852419859764,42,5,0.006974160103503824,0.006474160103503823,0.002793670099747773,0.0022936700997477724,0.004180490003756051,0.008604792258532612,0.00020603841943115481,0.008398753839101457
2011-05-31,2011-05-25,validation,T3,3,2,2,0.10315363773318388,32,1,0.004607134239742683,0.0041071342397426824,0.00014399438474414425,-0.0003560056152558562,0.004463139854998539,0.0033349065765788666,-0.0005209899654275117,0.0038558965420063783
2011-05-31,2011-05-25,validation,T3,3,2,2,0.10315363773318388,32,3,0.018958960614550602,0.0184589606145506,-0.0003255266812499623,-0.0008255266812499627,0.019284487295800564,0.0033349065765788666,-0.0005209899654275117,0.0038558965420063783
2011-05-31,2011-05-25,validation,T3,3,2,2,0.10315363773318388,32,5,-0.004985392750861628,-0.0054853927508616285,0.0014970853930213641,0.0009970853930213637,-0.006482478143882992,0.0033349065765788666,-0.0005209899654275117,0.0038558965420063783
2011-06-30,2011-06-27,validation,T3,3,0,4,0.15904945678191487,30,1,0.0130530116410148,0.0125530116410148,0.002710508405394296,0.0022105084053942957,0.010342503235620503,0.00891106035225997,-0.001199682071581661,0.010110742423841631
2011-06-30,2011-06-27,validation,T3,3,0,4,0.15904945678191487,30,3,0.031499180051811404,0.030999180051811404,0.004983613528073934,0.0044836135280739335,0.02651556652373747,0.00891106035225997,-0.001199682071581661,0.010110742423841631
2011-06-30,2011-06-27,validation,T3,3,0,4,0.15904945678191487,30,5,0.04588067198935719,0.04538067198935719,0.004047967836136908,0.003547967836136908,0.04183270415322028,0.00891106035225997,-0.001199682071581661,0.010110742423841631
2011-07-29,2011-07-26,validation,T3,3,1,3,0.14730683018927757,30,1,-0.02047586871310836,-0.02097586871310836,-0.0004273133779332472,-0.0009273133779332477,-0.020048555335175113,-0.003735778115346644,0.0017034879882076562,-0.0054392661035543004
2011-07-29,2011-07-26,validation,T3,3,1,3,0.14730683018927757,30,3,-0.030000831277607998,-0.030500831277607998,0.001899650361014656,0.0013996503610146556,-0.031900481638622656,-0.003735778115346644,0.0017034879882076562,-0.0054392661035543004
2011-07-29,2011-07-26,validation,T3,3,1,3,0.14730683018927757,30,5,-0.058801799592785975,-0.059301799592785975,0.0075866105116097595,0.007086610511609759,-0.06638841010439574,-0.003735778115346644,0.0017034879882076562,-0.0054392661035543004
2011-08-31,2011-08-26,validation,T3,3,4,5,0.47449580527867397,26,1,0.028735818473762942,0.02823581847376294,-0.001412443522796548,-0.0019124435227965485,0.03014826199655949,0.014534302418141687,-0.0010450103107772502,0.015579312728918937
2011-08-31,2011-08-26,validation,T3,3,4,5,0.47449580527867397,26,3,0.0360256897901452,0.0355256897901452,0.0016787126448097878,0.0011787126448097873,0.03434697714533541,0.014534302418141687,-0.0010450103107772502,0.015579312728918937
2011-08-31,2011-08-26,validation,T3,3,4,5,0.47449580527867397,26,5,-0.0010172561282274506,-0.0015172561282274506,0.002756145180395071,0.0022561451803950706,-0.003773401308622521,0.014534302418141687,-0.0010450103107772502,0.015579312728918937
2011-09-30,2011-09-27,validation,T3,3,1,5,0.294116505061244,24,1,-0.020418630128857918,-0.020918630128857918,-0.002223941920259561,-0.0027239419202595614,-0.018194688208598358,0.011184129727927594,0.007288836334293063,0.0038952933936345314
2011-09-30,2011-09-27,validation,T3,3,1,5,0.294116505061244,24,3,-0.03734919561018335,-0.03784919561018335,0.002530485287108322,0.0020304852871083218,-0.03987968089729167,0.011184129727927594,0.007288836334293063,0.0038952933936345314
2011-09-30,2011-09-27,validation,T3,3,1,5,0.294116505061244,24,5,-0.04424028099384891,-0.04474028099384891,0.002333772356661948,0.0018337723566619474,-0.04657405335051086,0.011184129727927594,0.007288836334293063,0.0038952933936345314
2011-10-31,2011-10-26,validation,T3,3,2,5,0.2885227007741101,21,1,0.034834992706113566,0.034334992706113565,0.005608441813136567,0.005108441813136567,0.029226550892977,0.010158336497422482,-0.0028975166602471423,0.013055853157669625
2011-10-31,2011-10-26,validation,T3,3,2,5,0.2885227007741101,21,3,0.009654167844588946,0.009154167844588945,0.004829725044376002,0.0043297250443760016,0.004824442800212944,0.010158336497422482,-0.0028975166602471423,0.013055853157669625
2011-10-31,2011-10-26,validation,T3,3,2,5,0.2885227007741101,21,5,-0.0024941002927517664,-0.0029941002927517664,0.0038608941615107502,0.0033608941615107498,-0.006354994454262516,0.010158336497422482,-0.0028975166602471423,0.013055853157669625
2011-11-30,2011-11-25,validation,T3,3,4,5,0.29392933106299113,26,1,0.02896734953686453,0.028467349536864528,-0.001412443522796548,-0.0019124435227965485,0.030379793059661077,-0.0018880562972932724,-0.0010450103107772502,-0.0008430459865160222
2011-11-30,2011-11-25,validation,T3,3,4,5,0.29392933106299113,26,3,0.07435142942905859,0.07385142942905859,0.0016787126448097878,0.0011787126448097873,0.0726727167842488,-0.0018880562972932724,-0.0010450103107772502,-0.0008430459865160222
2011-11-30,2011-11-25,validation,T3,3,4,5,0.29392933106299113,26,5,0.0732341990024119,0.0727341990024119,0.002756145180395071,0.0022561451803950706,0.07047805382201683,-0.0018880562972932724,-0.0010450103107772502,-0.0008430459865160222
2011-12-30,2011-12-27,validation,T3,3,1,4,0.24815358776407012,36,1,-0.013123824505329118,-0.013623824505329118,-0.0006065709579429818,-0.0011065709579429822,-0.012517253547386135,0.0007915920971022228,0.00013372435577441166,0.0006578677413278111
2011-12-30,2011-12-27,validation,T3,3,1,4,0.24815358776407012,36,3,-0.007826928581757486,-0.008326928581757487,0.003337087124277762,0.0028370871242777615,-0.011164015706035249,0.0007915920971022228,0.00013372435577441166,0.0006578677413278111
2011-12-30,2011-12-27,validation,T3,3,1,4,0.24815358776407012,36,5,0.009565683953251414,0.009065683953251413,0.006277615116648782,0.005777615116648782,0.0032880688366026317,0.0007915920971022228,0.00013372435577441166,0.0006578677413278111
2012-01-31,2012-01-26,validation,T3,3,3,1,0.10485832921815873,35,1,-0.00045467584956115914,-0.0009546758495611592,-0.0013213774459676436,-0.001821377445967644,0.0008667015964064848,-0.005129949766193964,0.0005740088412595703,-0.005703958607453535
2012-01-31,2012-01-26,validation,T3,3,3,1,0.10485832921815873,35,3,-0.0042459304421343935,-0.004745930442134394,0.002236995476981491,0.0017369954769814906,-0.006482925919115885,-0.005129949766193964,0.0005740088412595703,-0.005703958607453535
2012-01-31,2012-01-26,validation,T3,3,3,1,0.10485832921815873,35,5,0.006066201430732221,0.0055662014307322205,0.0058435316456228415,0.005343531645622841,0.0002226697851093794,-0.005129949766193964,0.0005740088412595703,-0.005703958607453535
2012-02-29,2012-02-24,validation,T3,3,4,1,0.08752027156287678,41,1,0.0016803828796929654,0.0011803828796929654,0.0009444401797052835,0.00044444017970528304,0.0007359426999876824,0.00219513643191549,4.695597732087492e-05,0.002148180454594615
2012-02-29,2012-02-24,validation,T3,3,4,1,0.08752027156287678,41,3,0.0006578318294268026,0.00015783182942680262,0.003526015935322773,0.0030260159353227727,-0.00286818410589597,0.00219513643191549,4.695597732087492e-05,0.002148180454594615
2012-02-29,2012-02-24,validation,T3,3,4,1,0.08752027156287678,41,5,0.0027760503201808007,0.0022760503201808007,0.004400372469772702,0.003900372469772702,-0.0016243221495919015,0.00219513643191549,4.695597732087492e-05,0.002148180454594615
2012-03-30,2012-03-27,validation,T3,3,1,2,0.11703087639145138,31,1,-0.00495872944326492,-0.00545872944326492,0.0006807106060205851,0.00018071060602058468,-0.005639440049285505,-0.0031071222459598813,-0.001795245812064687,-0.0013118764338951943
2012-03-30,2012-03-27,validation,T3,3,1,2,0.11703087639145138,31,3,-0.0025507393207317985,-0.0030507393207317986,0.002415424550957295,0.0019154245509572948,-0.004966163871689093,-0.0031071222459598813,-0.001795245812064687,-0.0013118764338951943
2012-03-30,2012-03-27,validation,T3,3,1,2,0.11703087639145138,31,5,0.0006371641011038154,0.00013716410110381537,0.005455919431832194,0.004955919431832194,-0.004818755330728378,-0.0031071222459598813,-0.001795245812064687,-0.0013118764338951943
2012-04-30,2012-04-25,validation,T3,3,2,2,0.13248385813194313,32,1,0.006969150481625386,0.006469150481625385,0.00014399438474414425,-0.0003560056152558562,0.0068251560968812415,0.013691491901850705,-0.0005209899654275117,0.014212481867278217
2012-04-30,2012-04-25,validation,T3,3,2,2,0.13248385813194313,32,3,0.0048854049082909246,0.004385404908290924,-0.0003255266812499623,-0.0008255266812499627,0.005210931589540887,0.013691491901850705,-0.0005209899654275117,0.014212481867278217
2012-04-30,2012-04-25,validation,T3,3,2,2,0.13248385813194313,32,5,0.0081185871006495,0.007618587100649499,0.0014970853930213641,0.0009970853930213637,0.006621501707628135,0.013691491901850705,-0.0005209899654275117,0.014212481867278217
2012-05-31,2012-05-25,validation,T3,3,4,2,0.11861984788336392,33,1,0.01211180250958721,0.01161180250958721,-0.0008272192468318869,-0.0013272192468318873,0.012939021756419098,-0.003244563833914693,0.0005695459029399345,-0.0038141097368546277
2012-05-31,2012-05-25,validation,T3,3,4,2,0.11861984788336392,33,3,-0.004768905840579651,-0.005268905840579652,-0.0006613592995659641,-0.0011613592995659645,-0.004107546541013687,-0.003244563833914693,0.0005695459029399345,-0.0038141097368546277
2012-05-31,2012-05-25,validation,T3,3,4,2,0.11861984788336392,33,5,-0.03028006275637607,-0.03078006275637607,-0.0017291048012543185,-0.002229104801254319,-0.02855095795512175,-0.003244563833914693,0.0005695459029399345,-0.0038141097368546277
2012-06-29,2012-06-26,validation,T3,3,1,3,0.20253753538639888,30,1,0.00901652303945899,0.00851652303945899,-0.0004273133779332472,-0.0009273133779332477,0.009443836417392238,0.005025633090024018,0.0017034879882076562,0.003322145101816361
2012-06-29,2012-06-26,validation,T3,3,1,3,0.20253753538639888,30,3,0.031216826843511347,0.030716826843511347,0.001899650361014656,0.0013996503610146556,0.029317176482496692,0.005025633090024018,0.0017034879882076562,0.003322145101816361
2012-06-29,2012-06-26,validation,T3,3,1,3,0.20253753538639888,30,5,0.0411426933352248,0.0406426933352248,0.0075866105116097595,0.007086610511609759,0.03355608282361504,0.005025633090024018,0.0017034879882076562,0.003322145101816361
2012-07-31,2012-07-26,validation,T3,3,3,2,0.14651188500679174,29,1,0.018433146063996153,0.017933146063996153,0.0008155672534479636,0.00031556725344796313,0.01761757881054819,0.016496970686917578,0.00043296933407822245,0.016064001352839356
2012-07-31,2012-07-26,validation,T3,3,3,2,0.14651188500679174,29,3,0.011309487791927308,0.010809487791927308,-0.0006687261941899445,-0.001168726194189945,0.011978213986117254,0.016496970686917578,0.00043296933407822245,0.016064001352839356
2012-07-31,2012-07-26,validation,T3,3,3,2,0.14651188500679174,29,5,0.0034517661810267164,0.0029517661810267164,0.0004681705745770311,-3.182942542296931e-05,0.0029835956064496855,0.016496970686917578,0.00043296933407822245,0.016064001352839356
2012-08-31,2012-08-28,validation,T3,3,1,1,0.09451579958195341,42,1,0.0007778030632159538,0.0002778030632159538,0.0016095088703995146,0.0011095088703995141,-0.0008317058071835603,-0.0009887394481411516,0.00020603841943115481,-0.0011947778675723063
2012-08-31,2012-08-28,validation,T3,3,1,1,0.09451579958195341,42,3,-0.0016973195136921193,-0.0021973195136921193,0.00037140288752662577,-0.00012859711247337468,-0.0020687224012187447,-0.0009887394481411516,0.00020603841943115481,-0.0011947778675723063
2012-08-31,2012-08-28,validation,T3,3,1,1,0.09451579958195341,42,5,-0.003465530201157141,-0.003965530201157141,0.002793670099747773,0.0022936700997477724,-0.006259200300904913,-0.0009887394481411516,0.00020603841943115481,-0.0011947778675723063
2012-09-28,2012-09-25,validation,T3,3,1,1,0.10061011705510119,42,1,-0.005620832106348117,-0.0061208321063481175,0.0016095088703995146,0.0011095088703995141,-0.007230340976747632,-0.010642228251959152,0.00020603841943115481,-0.010848266671390307
2012-09-28,2012-09-25,validation,T3,3,1,1,0.10061011705510119,42,3,-0.0009016701022254159,-0.001401670102225416,0.00037140288752662577,-0.00012859711247337468,-0.0012730729897520413,-0.010642228251959152,0.00020603841943115481,-0.010848266671390307
2012-09-28,2012-09-25,validation,T3,3,1,1,0.10061011705510119,42,5,0.002776155820116921,0.002276155820116921,0.002793670099747773,0.0022936700997477724,-1.7514279630851184e-05,-0.010642228251959152,0.00020603841943115481,-0.010848266671390307
2012-10-31,2012-10-24,validation,T3,3,2,2,0.11700140341716267,32,1,0.002907493586188581,0.002407493586188581,0.00014399438474414425,-0.0003560056152558562,0.002763499201444437,-0.002828217070341088,-0.0005209899654275117,-0.0023072271049135763
2012-10-31,2012-10-24,validation,T3,3,2,2,0.11700140341716267,32,3,0.0023401358260943805,0.0018401358260943805,-0.0003255266812499623,-0.0008255266812499627,0.0026656625073443433,-0.002828217070341088,-0.0005209899654275117,-0.0023072271049135763
2012-10-31,2012-10-24,validation,T3,3,2,2,0.11700140341716267,32,5,0.003829338180508568,0.003329338180508568,0.0014970853930213641,0.0009970853930213637,0.0023322527874872043,-0.002828217070341088,-0.0005209899654275117,-0.0023072271049135763
2012-11-30,2012-11-27,validation,T3,3,1,4,0.1522369172124563,36,1,0.008052287964780191,0.007552287964780191,-0.0006065709579429818,-0.0011065709579429822,0.008658858922723174,-0.005104378804732357,0.00013372435577441166,-0.0052381031605067685
2012-11-30,2012-11-27,validation,T3,3,1,4,0.1522369172124563,36,3,0.0129694213220648,0.0124694213220648,0.003337087124277762,0.0028370871242777615,0.009632334197787038,-0.005104378804732357,0.00013372435577441166,-0.0052381031605067685
2012-11-30,2012-11-27,validation,T3,3,1,4,0.1522369172124563,36,5,0.006555901341052772,0.006055901341052772,0.006277615116648782,0.005777615116648782,0.00027828622440399017,-0.005104378804732357,0.00013372435577441166,-0.0052381031605067685
2012-12-31,2012-12-26,validation,T3,3,2,1,0.09561711971674512,41,1,-0.00134010560907305,-0.00184010560907305,0.0008587754757059759,0.00035877547570597557,-0.0021988810847790256,-0.004214866018774299,0.0025054520750241675,-0.006720318093798467
2012-12-31,2012-12-26,validation,T3,3,2,1,0.09561711971674512,41,3,0.004656262299786773,0.004156262299786773,0.0022174693014166656,0.0017174693014166652,0.0024387929983701075,-0.004214866018774299,0.0025054520750241675,-0.006720318093798467
2012-12-31,2012-12-26,validation,T3,3,2,1,0.09561711971674512,41,5,0.028077943814353468,0.027577943814353467,0.005067624436048839,0.004567624436048839,0.02301031937830463,-0.004214866018774299,0.0025054520750241675,-0.006720318093798467
2013-01-31,2013-01-28,validation,T3,3,0,3,0.12143875949699824,31,1,0.00393162011396897,0.00343162011396897,0.0015353769520008854,0.001035376952000885,0.002396243161968085,-0.0011982063249371677,-0.001620097395190713,0.00042189107025354536
2013-01-31,2013-01-28,validation,T3,3,0,3,0.12143875949699824,31,3,-0.002465388869272389,-0.002965388869272389,0.0031099991171208356,0.002609999117120835,-0.005575387986393224,-0.0011982063249371677,-0.001620097395190713,0.00042189107025354536
2013-01-31,2013-01-28,validation,T3,3,0,3,0.12143875949699824,31,5,-0.003531674689320363,-0.004031674689320364,0.007390113824466369,0.006890113824466368,-0.010921788513786732,-0.0011982063249371677,-0.001620097395190713,0.00042189107025354536
2013-02-28,2013-02-25,validation,T3,3,0,2,0.10123916672190404,27,1,0.00684582954264501,0.0063458295426450095,-0.0009432081034735507,-0.001443208103473551,0.00778903764611856,-0.019027201962069196,-0.0010189116315822032,-0.01800829033048699
2013-02-28,2013-02-25,validation,T3,3,0,2,0.10123916672190404,27,3,0.0175171328337973,0.0170171328337973,-0.0015916958869687822,-0.002091695886968783,0.019108828720766084,-0.019027201962069196,-0.0010189116315822032,-0.01800829033048699
2013-02-28,2013-02-25,validation,T3,3,0,2,0.10123916672190404,27,5,0.02630879337341896,0.02580879337341896,0.002071983982353116,0.0015719839823531156,0.024236809391065844,-0.019027201962069196,-0.0010189116315822032,-0.01800829033048699
2013-03-28,2013-03-25,validation,T3,3,0,2,0.11199972101704564,27,1,0.008002778646328146,0.007502778646328145,-0.0009432081034735507,-0.001443208103473551,0.008945986749801696,-0.004177731778244542,-0.0010189116315822032,-0.003158820146662339
2013-03-28,2013-03-25,validation,T3,3,0,2,0.11199972101704564,27,3,0.011100662378939363,0.010600662378939363,-0.0015916958869687822,-0.002091695886968783,0.012692358265908145,-0.004177731778244542,-0.0010189116315822032,-0.003158820146662339
2013-03-28,2013-03-25,validation,T3,3,0,2,0.11199972101704564,27,5,0.012068956021907162,0.011568956021907162,0.002071983982353116,0.0015719839823531156,0.009996972039554046,-0.004177731778244542,-0.0010189116315822032,-0.003158820146662339
2013-04-30,2013-04-25,validation,T3,3,3,4,0.1464128722298949,32,1,-0.001766134814050191,-0.002266134814050191,0.0009748772362149286,0.0004748772362149281,-0.002741012050265119,0.004053146203194524,0.003138512326716799,0.0009146338764777252
2013-04-30,2013-04-25,validation,T3,3,3,4,0.1464128722298949,32,3,0.007318278615252138,0.006818278615252138,0.00522709821442173,0.004727098214421729,0.0020911804008304086,0.004053146203194524,0.003138512326716799,0.0009146338764777252
2013-04-30,2013-04-25,validation,T3,3,3,4,0.1464128722298949,32,5,0.007759525009597645,0.007259525009597645,0.0058958143056279215,0.005395814305627921,0.0018637107039697239,0.004053146203194524,0.003138512326716799,0.0009146338764777252
2013-05-31,2013-05-28,validation,T3,3,1,1,0.08988454395246277,42,1,-0.0064948767686962006,-0.006994876768696201,0.0016095088703995146,0.0011095088703995141,-0.008104385639095716,0.005988906133434835,0.00020603841943115481,0.00578286771400368
2013-05-31,2013-05-28,validation,T3,3,1,1,0.08988454395246277,42,3,-0.017138015324145384,-0.017638015324145384,0.00037140288752662577,-0.00012859711247337468,-0.01750941821167201,0.005988906133434835,0.00020603841943115481,0.00578286771400368
2013-05-31,2013-05-28,validation,T3,3,1,1,0.08988454395246277,42,5,-0.016476350618180313,-0.016976350618180314,0.002793670099747773,0.0022936700997477724,-0.019270020717928087,0.005988906133434835,0.00020603841943115481,0.00578286771400368
2013-06-28,2013-06-25,validation,T3,3,1,5,0.17210764677223503,24,1,0.009900729255799545,0.009400729255799545,-0.002223941920259561,-0.0027239419202595614,0.012124671176059107,0.009614063802025896,0.007288836334293063,0.0023252274677328334
2013-06-28,2013-06-25,validation,T3,3,1,5,0.17210764677223503,24,3,0.011666937937649946,0.011166937937649946,0.002530485287108322,0.0020304852871083218,0.009136452650541624,0.009614063802025896,0.007288836334293063,0.0023252274677328334
2013-06-28,2013-06-25,validation,T3,3,1,5,0.17210764677223503,24,5,0.01664845963193029,0.01614845963193029,0.002333772356661948,0.0018337723566619474,0.014314687275268342,0.009614063802025896,0.007288836334293063,0.0023252274677328334
2013-07-31,2013-07-26,validation,T3,3,4,1,0.07507639473569379,41,1,-0.003074699357277555,-0.003574699357277555,0.0009444401797052835,0.00044444017970528304,-0.004019139536982838,0.0010650616966798587,4.695597732087492e-05,0.0010181057193589839
2013-07-31,2013-07-26,validation,T3,3,4,1,0.07507639473569379,41,3,-0.0023647368598563867,-0.0028647368598563867,0.003526015935322773,0.0030260159353227727,-0.0058907527951791595,0.0010650616966798587,4.695597732087492e-05,0.0010181057193589839
2013-07-31,2013-07-26,validation,T3,3,4,1,0.07507639473569379,41,5,0.010880677232481872,0.010380677232481872,0.004400372469772702,0.003900372469772702,0.006480304762709169,0.0010650616966798587,4.695597732087492e-05,0.0010181057193589839
2013-08-30,2013-08-27,validation,T3,3,1,2,0.09259797905105946,31,1,0.0035511673034731572,0.0030511673034731572,0.0006807106060205851,0.00018071060602058468,0.0028704566974525727,-0.01608405301542526,-0.001795245812064687,-0.014288807203360572
2013-08-30,2013-08-27,validation,T3,3,1,2,0.09259797905105946,31,3,0.001959530520873276,0.001459530520873276,0.002415424550957295,0.0019154245509572948,-0.0004558940300840187,-0.01608405301542526,-0.001795245812064687,-0.014288807203360572
2013-08-30,2013-08-27,validation,T3,3,1,2,0.09259797905105946,31,5,0.014817007902707902,0.014317007902707901,0.005455919431832194,0.004955919431832194,0.009361088470875707,-0.01608405301542526,-0.001795245812064687,-0.014288807203360572
2013-09-30,2013-09-25,validation,T3,3,2,3,0.10134488581760079,33,1,0.0038452364481833534,0.0033452364481833534,0.0018401665880707387,0.0013401665880707382,0.002005069860112615,-0.002890735224956864,-0.00210642766630054,-0.000784307558656324
2013-09-30,2013-09-25,validation,T3,3,2,3,0.10134488581760079,33,3,-0.006093241565432672,-0.006593241565432673,0.005950160788222468,0.005450160788222467,-0.01204340235365514,-0.002890735224956864,-0.00210642766630054,-0.000784307558656324
2013-09-30,2013-09-25,validation,T3,3,2,3,0.10134488581760079,33,5,0.0008279819027614543,0.0003279819027614543,0.009036629184568035,0.008536629184568035,-0.008208647281806581,-0.002890735224956864,-0.00210642766630054,-0.000784307558656324
2013-10-31,2013-10-28,validation,T3,3,0,4,0.1316922836225273,30,1,0.00533417037008399,0.00483417037008399,0.002710508405394296,0.0022105084053942957,0.0026236619646896942,0.0015916856461306583,-0.001199682071581661,0.0027913677177123196
2013-10-31,2013-10-28,validation,T3,3,0,4,0.1316922836225273,30,3,-0.0024964606723962834,-0.0029964606723962835,0.004983613528073934,0.0044836135280739335,-0.007480074200470217,0.0015916856461306583,-0.001199682071581661,0.0027913677177123196
2013-10-31,2013-10-28,validation,T3,3,0,4,0.1316922836225273,30,5,0.0034049500282380407,0.0029049500282380407,0.004047967836136908,0.003547967836136908,-0.0006430178078988672,0.0015916856461306583,-0.001199682071581661,0.0027913677177123196
2013-11-29,2013-11-25,validation,T3,3,0,2,0.09291723989023389,27,1,0.0002767113990489456,-0.00022328860095105442,-0.0009432081034735507,-0.001443208103473551,0.0012199195025224966,-0.000995400433184468,-0.0010189116315822032,2.3511198397735238e-05
2013-11-29,2013-11-25,validation,T3,3,0,2,0.09291723989023389,27,3,0.0020482738957319224,0.0015482738957319224,-0.0015916958869687822,-0.002091695886968783,0.0036399697827007053,-0.000995400433184468,-0.0010189116315822032,2.3511198397735238e-05
2013-11-29,2013-11-25,validation,T3,3,0,2,0.09291723989023389,27,5,-0.00487203332643571,-0.00537203332643571,0.002071983982353116,0.0015719839823531156,-0.0069440173087888255,-0.000995400433184468,-0.0010189116315822032,2.3511198397735238e-05
2013-12-31,2013-12-26,validation,T3,3,3,3,0.0980206371203564,28,1,-5.4425602460606015e-05,-0.000554425602460606,0.0022971281962827334,0.0017971281962827332,-0.002351553798743339,0.0050837001740875465,0.0018661910914702015,0.0032175090826173447
2013-12-31,2013-12-26,validation,T3,3,3,3,0.0980206371203564,28,3,0.004513833550487956,0.004013833550487955,0.004994432614808689,0.004494432614808689,-0.0004805990643207336,0.0050837001740875465,0.0018661910914702015,0.0032175090826173447
2013-12-31,2013-12-26,validation,T3,3,3,3,0.0980206371203564,28,5,-0.005275791984936662,-0.005775791984936662,0.006503645388686629,0.006003645388686628,-0.01177943737362329,0.0050837001740875465,0.0018661910914702015,0.0032175090826173447
2014-01-31,2014-01-28,validation,T3,3,1,4,0.11618377945600612,36,1,-0.009604548962713344,-0.010104548962713344,-0.0006065709579429818,-0.0011065709579429822,-0.008997978004770361,0.005954037579081639,0.00013372435577441166,0.0058203132233072274
2014-01-31,2014-01-28,validation,T3,3,1,4,0.11618377945600612,36,3,-0.004969760742949414,-0.005469760742949414,0.003337087124277762,0.0028370871242777615,-0.008306847867227176,0.005954037579081639,0.00013372435577441166,0.0058203132233072274
2014-01-31,2014-01-28,validation,T3,3,1,4,0.11618377945600612,36,5,-0.020550358695789694,-0.021050358695789695,0.006277615116648782,0.005777615116648782,-0.026827973812438476,0.005954037579081639,0.00013372435577441166,0.0058203132233072274
2014-02-28,2014-02-25,validation,T3,3,1,4,0.1371725216884434,36,1,5.4034894897636576e-05,-0.00044596510510236343,-0.0006065709579429818,-0.0011065709579429822,0.0006606058528406187,-0.0003784074539529003,0.00013372435577441166,-0.000512131809727312
2014-02-28,2014-02-25,validation,T3,3,1,4,0.1371725216884434,36,3,0.007844661423885846,0.007344661423885845,0.003337087124277762,0.0028370871242777615,0.0045075742996080834,-0.0003784074539529003,0.00013372435577441166,-0.000512131809727312
2014-02-28,2014-02-25,validation,T3,3,1,4,0.1371725216884434,36,5,0.014823640930462512,0.014323640930462511,0.006277615116648782,0.005777615116648782,0.00854602581381373,-0.0003784074539529003,0.00013372435577441166,-0.000512131809727312
2014-03-31,2014-03-26,validation,T3,3,2,2,0.09549033733092518,32,1,-0.002108516443034003,-0.002608516443034003,0.00014399438474414425,-0.0003560056152558562,-0.002252510827778147,-0.007192438672269819,-0.0005209899654275117,-0.006671448706842307
2014-03-31,2014-03-26,validation,T3,3,2,2,0.09549033733092518,32,3,0.011028654807565763,0.010528654807565763,-0.0003255266812499623,-0.0008255266812499627,0.011354181488815725,-0.007192438672269819,-0.0005209899654275117,-0.006671448706842307
2014-03-31,2014-03-26,validation,T3,3,2,2,0.09549033733092518,32,5,0.021138517579202043,0.020638517579202043,0.0014970853930213641,0.0009970853930213637,0.01964143218618068,-0.007192438672269819,-0.0005209899654275117,-0.006671448706842307
2014-04-30,2014-04-25,validation,T3,3,4,4,0.1323426511694638,31,1,0.00316720475916199,0.00266720475916199,-0.0005650178696068248,-0.0010650178696068253,0.003732222628768815,-0.008198563725163477,0.003250794935227078,-0.011449358660390554
2014-04-30,2014-04-25,validation,T3,3,4,4,0.1323426511694638,31,3,0.010843044762649301,0.0103430447626493,0.003288927836074456,0.0027889278360744554,0.007554116926574845,-0.008198563725163477,0.003250794935227078,-0.011449358660390554
2014-04-30,2014-04-25,validation,T3,3,4,4,0.1323426511694638,31,5,0.0095014124675743,0.009001412467574299,0.002385833441503273,0.001885833441503273,0.007115579026071026,-0.008198563725163477,0.003250794935227078,-0.011449358660390554
2014-05-30,2014-05-27,validation,T3,3,1,1,0.080590125806874,42,1,-0.0007310172544805482,-0.0012310172544805482,0.0016095088703995146,0.0011095088703995141,-0.0023405261248800623,0.006146270756464567,0.00020603841943115481,0.005940232337033412
2014-05-30,2014-05-27,validation,T3,3,1,1,0.080590125806874,42,3,0.0060570982580234745,0.005557098258023474,0.00037140288752662577,-0.00012859711247337468,0.005685695370496849,0.006146270756464567,0.00020603841943115481,0.005940232337033412
2014-05-30,2014-05-27,validation,T3,3,1,1,0.080590125806874,42,5,0.006683684476149754,0.006183684476149753,0.002793670099747773,0.0022936700997477724,0.003890014376401981,0.006146270756464567,0.00020603841943115481,0.005940232337033412
2014-06-30,2014-06-25,validation,T3,3,2,1,0.05812047692993784,41,1,-0.0007162543341852068,-0.0012162543341852068,0.0008587754757059759,0.00035877547570597557,-0.0015750298098911823,0.004520076926439964,0.0025054520750241675,0.002014624851415797
2014-06-30,2014-06-25,validation,T3,3,2,1,0.05812047692993784,41,3,0.0007157760660667645,0.00021577606606676446,0.0022174693014166656,0.0017174693014166652,-0.0015016932353499007,0.004520076926439964,0.0025054520750241675,0.002014624851415797
2014-06-30,2014-06-25,validation,T3,3,2,1,0.05812047692993784,41,5,0.008436266994898967,0.007936266994898966,0.005067624436048839,0.004567624436048839,0.0033686425588501274,0.004520076926439964,0.0025054520750241675,0.002014624851415797
2014-07-31,2014-07-28,validation,T3,3,0,2,0.08009512642117779,27,1,-0.004297624214618878,-0.0047976242146188786,-0.0009432081034735507,-0.001443208103473551,-0.0033544161111453276,0.0004048720135130246,-0.0010189116315822032,0.0014237836450952277
2014-07-31,2014-07-28,validation,T3,3,0,2,0.08009512642117779,27,3,-0.02381176445663602,-0.02431176445663602,-0.0015916958869687822,-0.002091695886968783,-0.022220068569667236,0.0004048720135130246,-0.0010189116315822032,0.0014237836450952277
2014-07-31,2014-07-28,validation,T3,3,0,2,0.08009512642117779,27,5,-0.019767614854028448,-0.02026761485402845,0.002071983982353116,0.0015719839823531156,-0.021839598836381563,0.0004048720135130246,-0.0010189116315822032,0.0014237836450952277
2014-08-29,2014-08-26,validation,T3,3,1,4,0.11160140990862315,36,1,-0.0003988499747905605,-0.0008988499747905605,-0.0006065709579429818,-0.0011065709579429822,0.00020772098315242167,0.0006494515591837224,0.00013372435577441166,0.0005157272034093108
2014-08-29,2014-08-26,validation,T3,3,1,4,0.11160140990862315,36,3,0.0018966619030662546,0.0013966619030662546,0.003337087124277762,0.0028370871242777615,-0.001440425221211507,0.0006494515591837224,0.00013372435577441166,0.0005157272034093108
2014-08-29,2014-08-26,validation,T3,3,1,4,0.11160140990862315,36,5,0.0008485017258128558,0.00034850172581285576,0.006277615116648782,0.005777615116648782,-0.005429113390835925,0.0006494515591837224,0.00013372435577441166,0.0005157272034093108
2014-09-30,2014-09-25,validation,T3,3,3,1,0.0700389666162838,35,1,0.007945227201726635,0.007445227201726634,-0.0013213774459676436,-0.001821377445967644,0.009266604647694278,-0.01613568434127788,0.0005740088412595703,-0.016709693182537448
2014-09-30,2014-09-25,validation,T3,3,3,1,0.0700389666162838,35,3,0.003463559503515956,0.002963559503515956,0.002236995476981491,0.0017369954769814906,0.0012265640265344655,-0.01613568434127788,0.0005740088412595703,-0.016709693182537448
2014-09-30,2014-09-25,validation,T3,3,3,1,0.0700389666162838,35,5,-0.00998267651207796,-0.01048267651207796,0.0058435316456228415,0.005343531645622841,-0.0158262081577008,-0.01613568434127788,0.0005740088412595703,-0.016709693182537448
2014-10-31,2014-10-28,validation,T3,3,1,5,0.18466505483868956,24,1,-0.0015120268592880848,-0.002012026859288085,-0.002223941920259561,-0.0027239419202595614,0.0007119150609714766,0.011470612748825326,0.007288836334293063,0.0041817764145322634
2014-10-31,2014-10-28,validation,T3,3,1,5,0.18466505483868956,24,3,0.01638021276679602,0.01588021276679602,0.002530485287108322,0.0020304852871083218,0.013849727479687698,0.011470612748825326,0.007288836334293063,0.0041817764145322634
2014-10-31,2014-10-28,validation,T3,3,1,5,0.18466505483868956,24,5,0.013406181412815465,0.012906181412815465,0.002333772356661948,0.0018337723566619474,0.011072409056153518,0.011470612748825326,0.007288836334293063,0.0041817764145322634
2014-11-28,2014-11-24,validation,T3,3,0,1,0.06591708826066632,44,1,-0.0007235073494439304,-0.0012235073494439304,-5.5481223796212525e-05,-0.0005554812237962129,-0.0006680261256477174,0.0028063797952908587,0.0012812562922807661,0.0015251235030100925
2014-11-28,2014-11-24,validation,T3,3,0,1,0.06591708826066632,44,3,-0.00028911544151377644,-0.0007891154415137764,0.00205431511531353,0.0015543151153135295,-0.002343430556827306,0.0028063797952908587,0.0012812562922807661,0.0015251235030100925
2014-11-28,2014-11-24,validation,T3,3,0,1,0.06591708826066632,44,5,-0.0008199091110175916,-0.0013199091110175916,0.0014982064134759397,0.0009982064134759392,-0.002318115524493531,0.0028063797952908587,0.0012812562922807661,0.0015251235030100925
2014-12-31,2014-12-26,validation,T3,3,4,5,0.15676149103077724,26,1,0.0013433246360763373,0.0008433246360763373,-0.001412443522796548,-0.0019124435227965485,0.002755768158872886,0.003224838951911835,-0.0010450103107772502,0.004269849262689085
2014-12-31,2014-12-26,validation,T3,3,4,5,0.15676149103077724,26,3,-0.013913005159361669,-0.01441300515936167,0.0016787126448097878,0.0011787126448097873,-0.015591717804171457,0.003224838951911835,-0.0010450103107772502,0.004269849262689085
2014-12-31,2014-12-26,validation,T3,3,4,5,0.15676149103077724,26,5,-0.032239880110053076,-0.03273988011005308,0.002756145180395071,0.0022561451803950706,-0.034996025290448145,0.003224838951911835,-0.0010450103107772502,0.004269849262689085
2015-01-30,2015-01-27,validation,T3,3,1,4,0.15156424445113673,36,1,-0.012824152450643722,-0.013324152450643723,-0.0006065709579429818,-0.0011065709579429822,-0.01221758149270074,-0.013190678587131743,0.00013372435577441166,-0.013324402942906155
2015-01-30,2015-01-27,validation,T3,3,1,4,0.15156424445113673,36,3,-0.016227649280800005,-0.016727649280800005,0.003337087124277762,0.0028370871242777615,-0.019564736405077766,-0.013190678587131743,0.00013372435577441166,-0.013324402942906155
2015-01-30,2015-01-27,validation,T3,3,1,4,0.15156424445113673,36,5,0.010357733905573152,0.009857733905573152,0.006277615116648782,0.005777615116648782,0.00408011878892437,-0.013190678587131743,0.00013372435577441166,-0.013324402942906155
2015-02-27,2015-02-24,validation,T3,3,1,4,0.13178012890753077,36,1,-0.0008500008961642713,-0.0013500008961642713,-0.0006065709579429818,-0.0011065709579429822,-0.00024342993822128916,0.0028408886656774435,0.00013372435577441166,0.002707164309903032
2015-02-27,2015-02-24,validation,T3,3,1,4,0.13178012890753077,36,3,-0.005429618972803363,-0.005929618972803363,0.003337087124277762,0.0028370871242777615,-0.008766706097081125,0.0028408886656774435,0.00013372435577441166,0.002707164309903032
2015-02-27,2015-02-24,validation,T3,3,1,4,0.13178012890753077,36,5,-0.0032579287588736516,-0.0037579287588736516,0.006277615116648782,0.005777615116648782,-0.009535543875522433,0.0028408886656774435,0.00013372435577441166,0.002707164309903032
2015-03-31,2015-03-26,validation,T3,3,3,4,0.13752032454755278,32,1,0.002289302895637224,0.001789302895637224,0.0009748772362149286,0.0004748772362149281,0.001314425659422296,-0.0023812482790920297,0.003138512326716799,-0.005519760605808829
2015-03-31,2015-03-26,validation,T3,3,3,4,0.13752032454755278,32,3,0.0056506415463972726,0.005150641546397272,0.00522709821442173,0.004727098214421729,0.0004235433319755427,-0.0023812482790920297,0.003138512326716799,-0.005519760605808829
2015-03-31,2015-03-26,validation,T3,3,3,4,0.13752032454755278,32,5,0.005699590900162477,0.005199590900162476,0.0058958143056279215,0.005395814305627921,-0.00019622340546544478,-0.0023812482790920297,0.003138512326716799,-0.005519760605808829
2015-04-30,2015-04-27,validation,T3,3,0,2,0.09057785964934693,27,1,0.0031787187838925313,0.0026787187838925313,-0.0009432081034735507,-0.001443208103473551,0.004121926887366082,-0.0041578357372653585,-0.0010189116315822032,-0.0031389241056831553
2015-04-30,2015-04-27,validation,T3,3,0,2,0.09057785964934693,27,3,-0.0109599319610727,-0.0114599319610727,-0.0015916958869687822,-0.002091695886968783,-0.009368236074103918,-0.0041578357372653585,-0.0010189116315822032,-0.0031389241056831553
2015-04-30,2015-04-27,validation,T3,3,0,2,0.09057785964934693,27,5,0.0026096284039254236,0.0021096284039254236,0.002071983982353116,0.0015719839823531156,0.000537644421572308,-0.0041578357372653585,-0.0010189116315822032,-0.0031389241056831553
2015-05-29,2015-05-26,validation,T3,3,1,3,0.10116438903396081,30,1,0.009492426770001394,0.008992426770001394,-0.0004273133779332472,-0.0009273133779332477,0.009919740147934642,-0.01075178068901872,0.0017034879882076562,-0.012455268677226376
2015-05-29,2015-05-26,validation,T3,3,1,3,0.10116438903396081,30,3,0.0020884668904759263,0.0015884668904759263,0.001899650361014656,0.0013996503610146556,0.0001888165294612707,-0.01075178068901872,0.0017034879882076562,-0.012455268677226376
2015-05-29,2015-05-26,validation,T3,3,1,3,0.10116438903396081,30,5,0.0031323503328832825,0.0026323503328832825,0.0075866105116097595,0.007086610511609759,-0.004454260178726476,-0.01075178068901872,0.0017034879882076562,-0.012455268677226376
2015-06-30,2015-06-25,validation,T3,3,3,2,0.09167393369174799,29,1,-0.0001905879787769127,-0.0006905879787769127,0.0008155672534479636,0.00031556725344796313,-0.001006155232224876,-0.0030405715176239356,0.00043296933407822245,-0.0034735408517021582
2015-06-30,2015-06-25,validation,T3,3,3,2,0.09167393369174799,29,3,-0.019107931108915177,-0.019607931108915178,-0.0006687261941899445,-0.001168726194189945,-0.018439204914725234,-0.0030405715176239356,0.00043296933407822245,-0.0034735408517021582
2015-06-30,2015-06-25,validation,T3,3,3,2,0.09167393369174799,29,5,-0.012150857903810208,-0.012650857903810209,0.0004681705745770311,-3.182942542296931e-05,-0.012619028478387239,-0.0030405715176239356,0.00043296933407822245,-0.0034735408517021582
2015-07-31,2015-07-28,validation,T3,3,1,4,0.13571323672236102,36,1,0.006879238116139774,0.006379238116139774,-0.0006065709579429818,-0.0011065709579429822,0.007485809074082756,0.012283518807100213,0.00013372435577441166,0.012149794451325802
2015-07-31,2015-07-28,validation,T3,3,1,4,0.13571323672236102,36,3,0.005589161851851543,0.0050891618518515425,0.003337087124277762,0.0028370871242777615,0.002252074727573781,0.012283518807100213,0.00013372435577441166,0.012149794451325802
2015-07-31,2015-07-28,validation,T3,3,1,4,0.13571323672236102,36,5,0.00023848750017863019,-0.0002615124998213698,0.006277615116648782,0.005777615116648782,-0.006039127616470151,0.012283518807100213,0.00013372435577441166,0.012149794451325802
2015-08-31,2015-08-26,validation,T3,3,2,5,0.20471502377907644,21,1,0.02473525371120333,0.02423525371120333,0.005608441813136567,0.005108441813136567,0.019126811898066764,0.038394224372809704,-0.0028975166602471423,0.04129174103305685
2015-08-31,2015-08-26,validation,T3,3,2,5,0.20471502377907644,21,3,0.016507057652378032,0.01600705765237803,0.004829725044376002,0.0043297250443760016,0.01167733260800203,0.038394224372809704,-0.0028975166602471423,0.04129174103305685
2015-08-31,2015-08-26,validation,T3,3,2,5,0.20471502377907644,21,5,0.004885402957527374,0.004385402957527373,0.0038608941615107502,0.0033608941615107498,0.0010245087960166236,0.038394224372809704,-0.0028975166602471423,0.04129174103305685
2015-09-30,2015-09-25,validation,T3,3,4,5,0.22291510214814053,26,1,-0.02509753860018582,-0.02559753860018582,-0.001412443522796548,-0.0019124435227965485,-0.023685095077389272,-0.00025907042164230454,-0.0010450103107772502,0.0007859398891349456
2015-09-30,2015-09-25,validation,T3,3,4,5,0.22291510214814053,26,3,-0.006326155374449471,-0.006826155374449472,0.0016787126448097878,0.0011787126448097873,-0.00800486801925926,-0.00025907042164230454,-0.0010450103107772502,0.0007859398891349456
2015-09-30,2015-09-25,validation,T3,3,4,5,0.22291510214814053,26,5,0.011148120396179406,0.010648120396179406,0.002756145180395071,0.0022561451803950706,0.008391975215784334,-0.00025907042164230454,-0.0010450103107772502,0.0007859398891349456
2015-10-30,2015-10-27,validation,T3,3,1,3,0.1341103051648744,30,1,0.011374974755162581,0.01087497475516258,-0.0004273133779332472,-0.0009273133779332477,0.011802288133095829,-0.0019324468907762071,0.0017034879882076562,-0.0036359348789838635
2015-10-30,2015-10-27,validation,T3,3,1,3,0.1341103051648744,30,3,0.006437499790178602,0.005937499790178602,0.001899650361014656,0.0013996503610146556,0.004537849429163947,-0.0019324468907762071,0.0017034879882076562,-0.0036359348789838635
2015-10-30,2015-10-27,validation,T3,3,1,3,0.1341103051648744,30,5,0.021296836351434978,0.020796836351434977,0.0075866105116097595,0.007086610511609759,0.01371022583982522,-0.0019324468907762071,0.0017034879882076562,-0.0036359348789838635
2015-11-30,2015-11-24,validation,T3,3,1,3,0.12787730619223805,30,1,-0.00014324555365541336,-0.0006432455536554134,-0.0004273133779332472,-0.0009273133779332477,0.0002840678242778343,0.0013390397483883376,0.0017034879882076562,-0.00036444823981931856
2015-11-30,2015-11-24,validation,T3,3,1,3,0.12787730619223805,30,3,-0.0031527971462486093,-0.0036527971462486093,0.001899650361014656,0.0013996503610146556,-0.005052447507263265,0.0013390397483883376,0.0017034879882076562,-0.00036444823981931856
2015-11-30,2015-11-24,validation,T3,3,1,3,0.12787730619223805,30,5,-0.0039168896795632735,-0.004416889679563274,0.0075866105116097595,0.007086610511609759,-0.011503500191173032,0.0013390397483883376,0.0017034879882076562,-0.00036444823981931856
2015-12-31,2015-12-28,validation,T3,3,0,5,0.18264709257106682,26,1,0.010671883568263096,0.010171883568263096,0.006885574804326726,0.006385574804326726,0.0037863087639363703,-0.002284971657953272,-0.00023356070410295132,-0.002051410953850321
2015-12-31,2015-12-28,validation,T3,3,0,5,0.18264709257106682,26,3,-0.006529939329292356,-0.007029939329292356,0.00605750467615982,0.0055575046761598195,-0.012587444005452177,-0.002284971657953272,-0.00023356070410295132,-0.002051410953850321
2015-12-31,2015-12-28,validation,T3,3,0,5,0.18264709257106682,26,5,-0.0187615175581477,-0.0192615175581477,0.006170457315913527,0.0056704573159135265,-0.02493197487406123,-0.002284971657953272,-0.00023356070410295132,-0.002051410953850321
2016-01-29,2016-01-26,validation,T3,3,1,5,0.2050751832563368,24,1,-0.010882847007190888,-0.011382847007190888,-0.002223941920259561,-0.0027239419202595614,-0.008658905086931326,0.013643018606586566,0.007288836334293063,0.006354182272293503
2016-01-29,2016-01-26,validation,T3,3,1,5,0.2050751832563368,24,3,0.018507069257247544,0.018007069257247543,0.002530485287108322,0.0020304852871083218,0.01597658397013922,0.013643018606586566,0.007288836334293063,0.006354182272293503
2016-01-29,2016-01-26,validation,T3,3,1,5,0.2050751832563368,24,5,-0.00020996613163304367,-0.0007099661316330437,0.002333772356661948,0.0018337723566619474,-0.002543738488294991,0.013643018606586566,0.007288836334293063,0.006354182272293503
2016-02-29,2016-02-24,validation,T3,3,2,5,0.210210496347727,21,1,0.012111680086731802,0.011611680086731802,0.005608441813136567,0.005108441813136567,0.006503238273595235,0.004575788351981247,-0.0028975166602471423,0.00747330501222839
2016-02-29,2016-02-24,validation,T3,3,2,5,0.210210496347727,21,3,0.0018635448994768211,0.001363544899476821,0.004829725044376002,0.0043297250443760016,-0.0029661801448991804,0.004575788351981247,-0.0028975166602471423,0.00747330501222839
2016-02-29,2016-02-24,validation,T3,3,2,5,0.210210496347727,21,5,0.030020700628269115,0.029520700628269114,0.0038608941615107502,0.0033608941615107498,0.026159806466758365,0.004575788351981247,-0.0028975166602471423,0.00747330501222839
2016-03-31,2016-03-28,validation,T3,3,0,2,0.1215813186229852,27,1,0.009250116039449585,0.008750116039449585,-0.0009432081034735507,-0.001443208103473551,0.010193324142923135,0.0005911601473456152,-0.0010189116315822032,0.0016100717789278183
2016-03-31,2016-03-28,validation,T3,3,0,2,0.1215813186229852,27,3,0.011218390241068965,0.010718390241068965,-0.0015916958869687822,-0.002091695886968783,0.012810086128037747,0.0005911601473456152,-0.0010189116315822032,0.0016100717789278183
2016-03-31,2016-03-28,validation,T3,3,0,2,0.1215813186229852,27,5,0.014810062116854539,0.014310062116854538,0.002071983982353116,0.0015719839823531156,0.012738078134501422,0.0005911601473456152,-0.0010189116315822032,0.0016100717789278183
2016-04-29,2016-04-26,validation,T3,3,1,2,0.10233640771716632,31,1,0.002058276119875524,0.001558276119875524,0.0006807106060205851,0.00018071060602058468,0.0013775655138549394,0.001485991975141543,-0.001795245812064687,0.00328123778720623
2016-04-29,2016-04-26,validation,T3,3,1,2,0.10233640771716632,31,3,-0.012397091594151366,-0.012897091594151366,0.002415424550957295,0.0019154245509572948,-0.01481251614510866,0.001485991975141543,-0.001795245812064687,0.00328123778720623
2016-04-29,2016-04-26,validation,T3,3,1,2,0.10233640771716632,31,5,-0.013211174274088688,-0.013711174274088689,0.005455919431832194,0.004955919431832194,-0.018667093705920883,0.001485991975141543,-0.001795245812064687,0.00328123778720623
2016-05-31,2016-05-25,validation,T3,3,2,2,0.11650096870278727,32,1,0.000286707337016745,-0.000213292662983255,0.00014399438474414425,-0.0003560056152558562,0.00014271295227260119,0.0067828887695338125,-0.0005209899654275117,0.007303878734961324
2016-05-31,2016-05-25,validation,T3,3,2,2,0.11650096870278727,32,3,0.002676107652912263,0.002176107652912263,-0.0003255266812499623,-0.0008255266812499627,0.0030016343341622257,0.0067828887695338125,-0.0005209899654275117,0.007303878734961324
2016-05-31,2016-05-25,validation,T3,3,2,2,0.11650096870278727,32,5,0.007788968909332228,0.007288968909332227,0.0014970853930213641,0.0009970853930213637,0.006291883516310864,0.0067828887695338125,-0.0005209899654275117,0.007303878734961324
2016-06-30,2016-06-27,validation,T3,3,0,3,0.15221332483470898,31,1,0.018035873996476326,0.017535873996476325,0.0015353769520008854,0.001035376952000885,0.01650049704447544,-0.01790971716314027,-0.001620097395190713,-0.016289619767949556
2016-06-30,2016-06-27,validation,T3,3,0,3,0.15221332483470898,31,3,0.04949869810585894,0.04899869810585894,0.0031099991171208356,0.002609999117120835,0.046388698988738104,-0.01790971716314027,-0.001620097395190713,-0.016289619767949556
2016-06-30,2016-06-27,validation,T3,3,0,3,0.15221332483470898,31,5,0.04413817450878588,0.043638174508785876,0.007390113824466369,0.006890113824466368,0.03674806068431951,-0.01790971716314027,-0.001620097395190713,-0.016289619767949556
2016-07-29,2016-07-26,validation,T3,3,1,3,0.13591007193475532,30,1,-0.0010613110530367509,-0.001561311053036751,-0.0004273133779332472,-0.0009273133779332477,-0.0006339976751035032,0.0004618545216279468,0.0017034879882076562,-0.0012416334665797093
2016-07-29,2016-07-26,validation,T3,3,1,3,0.13591007193475532,30,3,0.001706548405187469,0.001206548405187469,0.001899650361014656,0.0013996503610146556,-0.0001931019558271865,0.0004618545216279468,0.0017034879882076562,-0.0012416334665797093
2016-07-29,2016-07-26,validation,T3,3,1,3,0.13591007193475532,30,5,-0.00553663026864093,-0.00603663026864093,0.0075866105116097595,0.007086610511609759,-0.013123240780250688,0.0004618545216279468,0.0017034879882076562,-0.0012416334665797093
2016-08-31,2016-08-26,validation,T3,3,4,1,0.054675418697827285,41,1,0.004924363072458693,0.004424363072458692,0.0009444401797052835,0.00044444017970528304,0.00397992289275341,-0.0018834641122671414,4.695597732087492e-05,-0.0019304200895880162
2016-08-31,2016-08-26,validation,T3,3,4,1,0.054675418697827285,41,3,0.00041421343826741897,-8.578656173258105e-05,0.003526015935322773,0.0030260159353227727,-0.003111802497055354,-0.0018834641122671414,4.695597732087492e-05,-0.0019304200895880162
2016-08-31,2016-08-26,validation,T3,3,4,1,0.054675418697827285,41,5,0.00497023068184399,0.00447023068184399,0.004400372469772702,0.003900372469772702,0.0005698582120712875,-0.0018834641122671414,4.695597732087492e-05,-0.0019304200895880162
2016-09-30,2016-09-27,validation,T3,3,1,3,0.13764359118208147,30,1,0.004963322536726711,0.00446332253672671,-0.0004273133779332472,-0.0009273133779332477,0.005390635914659958,0.0062079322021346695,0.0017034879882076562,0.004504444213927013
2016-09-30,2016-09-27,validation,T3,3,1,3,0.13764359118208147,30,3,0.0033863515841239256,0.0028863515841239256,0.001899650361014656,0.0013996503610146556,0.00148670122310927,0.0062079322021346695,0.0017034879882076562,0.004504444213927013
2016-09-30,2016-09-27,validation,T3,3,1,3,0.13764359118208147,30,5,-0.004128670087830022,-0.004628670087830022,0.0075866105116097595,0.007086610511609759,-0.01171528059943978,0.0062079322021346695,0.0017034879882076562,0.004504444213927013
2016-10-31,2016-10-26,validation,T3,3,2,1,0.0827134092138226,41,1,-0.002666670679211891,-0.003166670679211891,0.0008587754757059759,0.00035877547570597557,-0.0035254461549178665,-0.0020076674291603647,0.0025054520750241675,-0.004513119504184532
2016-10-31,2016-10-26,validation,T3,3,2,1,0.0827134092138226,41,3,-0.00556765728048747,-0.006067657280487471,0.0022174693014166656,0.0017174693014166652,-0.007785126581904136,-0.0020076674291603647,0.0025054520750241675,-0.004513119504184532
2016-10-31,2016-10-26,validation,T3,3,2,1,0.0827134092138226,41,5,-0.01871417653961782,-0.019214176539617822,0.005067624436048839,0.004567624436048839,-0.02378180097566666,-0.0020076674291603647,0.0025054520750241675,-0.004513119504184532
2016-11-30,2016-11-25,validation,T3,3,4,3,0.10694103333236327,25,1,-0.004694261980777048,-0.0051942619807770485,-0.0010271031695475142,-0.0015271031695475146,-0.003667158811229534,0.0037147779184565355,0.0031249436398352783,0.0005898342786212572
2016-11-30,2016-11-25,validation,T3,3,4,3,0.10694103333236327,25,3,-0.005145951306922747,-0.005645951306922747,0.0014514379034777302,0.0009514379034777299,-0.006597389210400477,0.0037147779184565355,0.0031249436398352783,0.0005898342786212572
2016-11-30,2016-11-25,validation,T3,3,4,3,0.10694103333236327,25,5,-0.00830592143735287,-0.00880592143735287,0.0036724039203263727,0.0031724039203263723,-0.011978325357679242,0.0037147779184565355,0.0031249436398352783,0.0005898342786212572
2016-12-30,2016-12-27,validation,T3,3,1,1,0.07651978878631123,42,1,-0.008264854675199662,-0.008764854675199663,0.0016095088703995146,0.0011095088703995141,-0.009874363545599178,0.0024811777000297575,0.00020603841943115481,0.0022751392805986028
2016-12-30,2016-12-27,validation,T3,3,1,1,0.07651978878631123,42,3,-0.012109372945434238,-0.012609372945434238,0.00037140288752662577,-0.00012859711247337468,-0.012480775832960863,0.0024811777000297575,0.00020603841943115481,0.0022751392805986028
2016-12-30,2016-12-27,validation,T3,3,1,1,0.07651978878631123,42,5,0.0013697955873097634,0.0008697955873097634,0.002793670099747773,0.0022936700997477724,-0.001423874512438009,0.0024811777000297575,0.00020603841943115481,0.0022751392805986028
2017-01-31,2017-01-26,validation,T3,3,3,1,0.07083134232800942,35,1,-0.0015700197030888985,-0.0020700197030888985,-0.0013213774459676436,-0.001821377445967644,-0.0002486422571212545,-0.0010456369378947228,0.0005740088412595703,-0.001619645779154293
2017-01-31,2017-01-26,validation,T3,3,3,1,0.07083134232800942,35,3,-0.007849014140711263,-0.008349014140711264,0.002236995476981491,0.0017369954769814906,-0.010086009617692755,-0.0010456369378947228,0.0005740088412595703,-0.001619645779154293
2017-01-31,2017-01-26,validation,T3,3,3,1,0.07083134232800942,35,5,-0.006802515067774184,-0.007302515067774185,0.0058435316456228415,0.005343531645622841,-0.012646046713397027,-0.0010456369378947228,0.0005740088412595703,-0.001619645779154293
2017-02-28,2017-02-23,validation,T3,3,3,1,0.058990329506396814,35,1,0.0012688060549297386,0.0007688060549297386,-0.0013213774459676436,-0.001821377445967644,0.002590183500897383,0.0006774205964730218,0.0005740088412595703,0.00010341175521345143
2017-02-28,2017-02-23,validation,T3,3,3,1,0.058990329506396814,35,3,0.00012703837047101096,-0.00037296162952898905,0.002236995476981491,0.0017369954769814906,-0.0021099571065104797,0.0006774205964730218,0.0005740088412595703,0.00010341175521345143
2017-02-28,2017-02-23,validation,T3,3,3,1,0.058990329506396814,35,5,0.007739649321509168,0.007239649321509167,0.0058435316456228415,0.005343531645622841,0.0018961176758863262,0.0006774205964730218,0.0005740088412595703,0.00010341175521345143
2017-03-31,2017-03-28,validation,T3,3,1,3,0.08495944023410365,30,1,0.0009351760578093504,0.0004351760578093504,-0.0004273133779332472,-0.0009273133779332477,0.001362489435742598,0.007276257265564023,0.0017034879882076562,0.005572769277356367
2017-03-31,2017-03-28,validation,T3,3,1,3,0.08495944023410365,30,3,0.001785274618436361,0.001285274618436361,0.001899650361014656,0.0013996503610146556,-0.00011437574257829454,0.007276257265564023,0.0017034879882076562,0.005572769277356367
2017-03-31,2017-03-28,validation,T3,3,1,3,0.08495944023410365,30,5,0.0006802441934607995,0.00018024419346079944,0.0075866105116097595,0.007086610511609759,-0.006906366318148959,0.007276257265564023,0.0017034879882076562,0.005572769277356367
2017-04-28,2017-04-25,validation,T3,3,1,3,0.07576045986869152,30,1,-0.0006287741461949992,-0.0011287741461949992,-0.0004273133779332472,-0.0009273133779332477,-0.0002014607682617515,0.005818589868160862,0.0017034879882076562,0.004115101879953205
2017-04-28,2017-04-25,validation,T3,3,1,3,0.07576045986869152,30,3,-0.0019699514017860187,-0.0024699514017860187,0.001899650361014656,0.0013996503610146556,-0.0038696017628006745,0.005818589868160862,0.0017034879882076562,0.004115101879953205
2017-04-28,2017-04-25,validation,T3,3,1,3,0.07576045986869152,30,5,0.0009223651872198868,0.0004223651872198868,0.0075866105116097595,0.007086610511609759,-0.006664245324389872,0.005818589868160862,0.0017034879882076562,0.004115101879953205
2017-05-31,2017-05-25,validation,T3,3,3,3,0.07959952498202666,28,1,-0.0002068084834931927,-0.0007068084834931927,0.0022971281962827334,0.0017971281962827332,-0.0025039366797759257,0.004779328450731146,0.0018661910914702015,0.0029131373592609444
2017-05-31,2017-05-25,validation,T3,3,3,3,0.07959952498202666,28,3,-0.0013238083895624753,-0.0018238083895624753,0.004994432614808689,0.004494432614808689,-0.006318241004371164,0.004779328450731146,0.0018661910914702015,0.0029131373592609444
2017-05-31,2017-05-25,validation,T3,3,3,3,0.07959952498202666,28,5,0.009968578570983322,0.009468578570983321,0.006503645388686629,0.006003645388686628,0.0034649331822966933,0.004779328450731146,0.0018661910914702015,0.0029131373592609444
2017-06-30,2017-06-27,validation,T3,3,1,1,0.0554103074445328,42,1,0.008950339566807797,0.008450339566807796,0.0016095088703995146,0.0011095088703995141,0.007340830696408282,-0.008056284319905793,0.00020603841943115481,-0.008262322739336948
2017-06-30,2017-06-27,validation,T3,3,1,1,0.0554103074445328,42,3,0.0019475809374671638,0.0014475809374671638,0.00037140288752662577,-0.00012859711247337468,0.0015761780499405384,-0.008056284319905793,0.00020603841943115481,-0.008262322739336948
2017-06-30,2017-06-27,validation,T3,3,1,1,0.0554103074445328,42,5,0.005967306311416731,0.005467306311416731,0.002793670099747773,0.0022936700997477724,0.0031736362116689585,-0.008056284319905793,0.00020603841943115481,-0.008262322739336948
2017-07-31,2017-07-26,validation,T3,3,2,4,0.07848040559091893,38,1,-0.0009294752558421937,-0.0014294752558421937,0.004134636469131735,0.0036346364691317344,-0.005064111724973928,4.0333184828433843e-05,-0.00028016879437680285,0.0003205019792052367
2017-07-31,2017-07-26,validation,T3,3,2,4,0.07848040559091893,38,3,-0.002667288830150105,-0.003167288830150105,0.0036370918757330666,0.003137091875733066,-0.006304380705883171,4.0333184828433843e-05,-0.00028016879437680285,0.0003205019792052367
2017-07-31,2017-07-26,validation,T3,3,2,4,0.07848040559091893,38,5,4.047382111993514e-05,-0.00045952617888006487,0.00876058742815763,0.008260587428157629,-0.008720113607037694,4.0333184828433843e-05,-0.00028016879437680285,0.0003205019792052367
2017-08-31,2017-08-28,validation,T3,3,0,5,0.0963450502398445,26,1,0.0011448639728313115,0.0006448639728313115,0.006885574804326726,0.006385574804326726,-0.005740710831495414,4.109272685370868e-05,-0.00023356070410295132,0.00027465343095666003
2017-08-31,2017-08-28,validation,T3,3,0,5,0.0963450502398445,26,3,0.011939213472909493,0.011439213472909493,0.00605750467615982,0.0055575046761598195,0.005881708796749673,4.109272685370868e-05,-0.00023356070410295132,0.00027465343095666003
2017-08-31,2017-08-28,validation,T3,3,0,5,0.0963450502398445,26,5,0.00609226816342634,0.005592268163426339,0.006170457315913527,0.0056704573159135265,-7.818915248718715e-05,4.109272685370868e-05,-0.00023356070410295132,0.00027465343095666003
2017-09-29,2017-09-27,validation,T2,2,2,1,0.0568862138942353,41,1,0.001199621063183054,0.0006996210631830539,0.0008587754757059759,0.00035877547570597557,0.00034084558747707837,0.0038941935278833384,0.0025054520750241675,0.001388741452859171
2017-09-29,2017-09-27,validation,T2,2,2,1,0.0568862138942353,41,3,0.009078332706020875,0.008578332706020875,0.0022174693014166656,0.0017174693014166652,0.0068608634046042095,0.0038941935278833384,0.0025054520750241675,0.001388741452859171
2017-09-29,2017-09-27,validation,T2,2,2,1,0.0568862138942353,41,5,0.012437523821877239,0.011937523821877238,0.005067624436048839,0.004567624436048839,0.0073698993858284,0.0038941935278833384,0.0025054520750241675,0.001388741452859171
2017-10-31,2017-10-27,validation,T2,2,4,1,0.043380239978887805,41,1,-0.003724917306740627,-0.004224917306740628,0.0009444401797052835,0.00044444017970528304,-0.00466935748644591,0.008176138375410869,4.695597732087492e-05,0.008129182398089994
2017-10-31,2017-10-27,validation,T2,2,4,1,0.043380239978887805,41,3,-0.0008536056462877806,-0.0013536056462877806,0.003526015935322773,0.0030260159353227727,-0.004379621581610553,0.008176138375410869,4.695597732087492e-05,0.008129182398089994
2017-10-31,2017-10-27,validation,T2,2,4,1,0.043380239978887805,41,5,0.002871719401387418,0.002371719401387418,0.004400372469772702,0.003900372469772702,-0.001528653068385284,0.008176138375410869,4.695597732087492e-05,0.008129182398089994
2017-11-30,2017-11-28,validation,T2,2,1,1,0.05250345041035416,42,1,-0.0006086665292902582,-0.0011086665292902582,0.0016095088703995146,0.0011095088703995141,-0.0022181753996897723,0.010144814786449574,0.00020603841943115481,0.009938776367018419
2017-11-30,2017-11-28,validation,T2,2,1,1,0.05250345041035416,42,3,0.0060486902576912804,0.00554869025769128,0.00037140288752662577,-0.00012859711247337468,0.005677287370164655,0.010144814786449574,0.00020603841943115481,0.009938776367018419
2017-11-30,2017-11-28,validation,T2,2,1,1,0.05250345041035416,42,5,0.0012174663043182932,0.0007174663043182932,0.002793670099747773,0.0022936700997477724,-0.0015762037954294792,0.010144814786449574,0.00020603841943115481,0.009938776367018419
2017-12-29,2017-12-27,validation,T2,2,2,3,0.06787620722681709,33,1,0.002057165756028212,0.001557165756028212,0.0018401665880707387,0.0013401665880707382,0.00021699916795747372,0.00048687549056003476,-0.00210642766630054,0.002593303156860575
2017-12-29,2017-12-27,validation,T2,2,2,3,0.06787620722681709,33,3,0.005423810300390075,0.004923810300390075,0.005950160788222468,0.005450160788222467,-0.0005263504878323926,0.00048687549056003476,-0.00210642766630054,0.002593303156860575
2017-12-29,2017-12-27,validation,T2,2,2,3,0.06787620722681709,33,5,0.016048056893822382,0.015548056893822382,0.009036629184568035,0.008536629184568035,0.007011427709254347,0.00048687549056003476,-0.00210642766630054,0.002593303156860575
2018-01-31,2018-01-29,validation,T2,2,0,4,0.06960984698768542,30,1,-0.01025700348261449,-0.010757003482614491,0.002710508405394296,0.0022105084053942957,-0.012967511888008787,-0.00662982464705697,-0.001199682071581661,-0.005430142575475309
2018-01-31,2018-01-29,validation,T2,2,0,4,0.06960984698768542,30,3,-0.010889443822184708,-0.011389443822184708,0.004983613528073934,0.0044836135280739335,-0.01587305735025864,-0.00662982464705697,-0.001199682071581661,-0.005430142575475309
2018-01-31,2018-01-29,validation,T2,2,0,4,0.06960984698768542,30,5,-0.07288885624575381,-0.07338885624575381,0.004047967836136908,0.003547967836136908,-0.07693682408189072,-0.00662982464705697,-0.001199682071581661,-0.005430142575475309
2018-02-28,2018-02-26,validation,T2,2,0,5,0.26775079860558115,26,1,-0.012486532226350877,-0.012986532226350878,0.006885574804326726,0.006385574804326726,-0.019372107030677602,0.01161231789491679,-0.00023356070410295132,0.011845878599019742
2018-02-28,2018-02-26,validation,T2,2,0,5,0.26775079860558115,26,3,-0.03670369593830003,-0.03720369593830003,0.00605750467615982,0.0055575046761598195,-0.04276120061445985,0.01161231789491679,-0.00023356070410295132,0.011845878599019742
2018-02-28,2018-02-26,validation,T2,2,0,5,0.26775079860558115,26,5,-0.020546819197772126,-0.021046819197772126,0.006170457315913527,0.0056704573159135265,-0.026717276513685655,0.01161231789491679,-0.00023356070410295132,0.011845878599019742
2018-03-29,2018-03-27,validation,T2,2,1,5,0.19833405304605628,24,1,-0.002955140009039514,-0.003455140009039514,-0.002223941920259561,-0.0027239419202595614,-0.0007311980887799528,-0.017011499941280706,0.007288836334293063,-0.024300336275573767
2018-03-29,2018-03-27,validation,T2,2,1,5,0.19833405304605628,24,3,-0.012010821106712033,-0.012510821106712033,0.002530485287108322,0.0020304852871083218,-0.014541306393820355,-0.017011499941280706,0.007288836334293063,-0.024300336275573767
2018-03-29,2018-03-27,validation,T2,2,1,5,0.19833405304605628,24,5,0.01135832619271615,0.01085832619271615,0.002333772356661948,0.0018337723566619474,0.009024553836054203,-0.017011499941280706,0.007288836334293063,-0.024300336275573767
2018-04-30,2018-04-26,validation,T2,2,3,5,0.1754578959082631,23,1,0.0009388587694960648,0.00043885876949606483,0.0017591399743971151,0.0012591399743971147,-0.0008202812049010499,0.010165758222081767,0.0036648207298791606,0.006500937492202606
2018-04-30,2018-04-26,validation,T2,2,3,5,0.1754578959082631,23,3,-0.004994191678897364,-0.005494191678897364,0.002843895938927976,0.0023438959389279757,-0.00783808761782534,0.010165758222081767,0.0036648207298791606,0.006500937492202606
2018-04-30,2018-04-26,validation,T2,2,3,5,0.1754578959082631,23,5,-0.0138560357468831,-0.0143560357468831,-0.004992960922831718,-0.005492960922831718,-0.008863074824051381,0.010165758222081767,0.0036648207298791606,0.006500937492202606
2018-05-31,2018-05-29,validation,T2,2,1,4,0.09019062255010135,36,1,0.013344551257136184,0.012844551257136183,-0.0006065709579429818,-0.0011065709579429822,0.013951122215079166,-0.011501209495730746,0.00013372435577441166,-0.011634933851505158
2018-05-31,2018-05-29,validation,T2,2,1,4,0.09019062255010135,36,3,0.017024287445836395,0.016524287445836394,0.003337087124277762,0.0028370871242777615,0.013687200321558632,-0.011501209495730746,0.00013372435577441166,-0.011634933851505158
2018-05-31,2018-05-29,validation,T2,2,1,4,0.09019062255010135,36,5,0.022600499581231004,0.022100499581231003,0.006277615116648782,0.005777615116648782,0.016322884464582223,-0.011501209495730746,0.00013372435577441166,-0.011634933851505158
2018-06-29,2018-06-27,validation,T2,2,2,4,0.09494487044646877,38,1,0.005717671381970435,0.0052176713819704346,0.004134636469131735,0.0036346364691317344,0.0015830349128387001,-0.008284183564225556,-0.00028016879437680285,-0.008004014769848753
2018-06-29,2018-06-27,validation,T2,2,2,4,0.09494487044646877,38,3,0.009318741497802874,0.008818741497802873,0.0036370918757330666,0.003137091875733066,0.0056816496220698075,-0.008284183564225556,-0.00028016879437680285,-0.008004014769848753
2018-06-29,2018-06-27,validation,T2,2,2,4,0.09494487044646877,38,5,0.013959318254008535,0.013459318254008534,0.00876058742815763,0.008260587428157629,0.005198730825850905,-0.008284183564225556,-0.00028016879437680285,-0.008004014769848753
2018-07-31,2018-07-27,validation,T2,2,4,3,0.07593002629382206,25,1,-0.005223557646411137,-0.005723557646411137,-0.0010271031695475142,-0.0015271031695475146,-0.004196454476863622,-0.0067763474248953015,0.0031249436398352783,-0.00990129106473058
2018-07-31,2018-07-27,validation,T2,2,4,3,0.07593002629382206,25,3,-0.0019900290428208622,-0.0024900290428208622,0.0014514379034777302,0.0009514379034777299,-0.0034414669462985922,-0.0067763474248953015,0.0031249436398352783,-0.00990129106473058
2018-07-31,2018-07-27,validation,T2,2,4,3,0.07593002629382206,25,5,0.007746225651919403,0.007246225651919402,0.0036724039203263727,0.0031724039203263723,0.00407382173159303,-0.0067763474248953015,0.0031249436398352783,-0.00990129106473058
2018-08-31,2018-08-29,validation,T2,2,2,2,0.07057891831814386,32,1,-0.004048252792872353,-0.004548252792872354,0.00014399438474414425,-0.0003560056152558562,-0.0041922471776164975,0.005380348943810231,-0.0005209899654275117,0.005901338909237743
2018-08-31,2018-08-29,validation,T2,2,2,2,0.07057891831814386,32,3,-0.005729601276321716,-0.006229601276321717,-0.0003255266812499623,-0.0008255266812499627,-0.005404074595071754,0.005380348943810231,-0.0005209899654275117,0.005901338909237743
2018-08-31,2018-08-29,validation,T2,2,2,2,0.07057891831814386,32,5,-0.011390208347089703,-0.011890208347089704,0.0014970853930213641,0.0009970853930213637,-0.012887293740111067,0.005380348943810231,-0.0005209899654275117,0.005901338909237743
2018-09-28,2018-09-26,validation,T2,2,2,1,0.057745699109572064,41,1,0.0027940597809654744,0.0022940597809654743,0.0008587754757059759,0.00035877547570597557,0.0019352843052594989,-0.0029920304801421826,0.0025054520750241675,-0.00549748255516635
2018-09-28,2018-09-26,validation,T2,2,2,1,0.057745699109572064,41,3,0.006381862273001859,0.005881862273001859,0.0022174693014166656,0.0017174693014166652,0.004164392971585194,-0.0029920304801421826,0.0025054520750241675,-0.00549748255516635
2018-09-28,2018-09-26,validation,T2,2,2,1,0.057745699109572064,41,5,0.006347331083149665,0.005847331083149665,0.005067624436048839,0.004567624436048839,0.0012797066471008263,-0.0029920304801421826,0.0025054520750241675,-0.00549748255516635
2018-10-31,2018-10-29,validation,T2,2,0,5,0.2216080012903226,26,1,0.01481860362824694,0.01431860362824694,0.006885574804326726,0.006385574804326726,0.007933028823920215,-0.005540312008955217,-0.00023356070410295132,-0.005306751304852266
2018-10-31,2018-10-29,validation,T2,2,0,5,0.2216080012903226,26,3,0.036572531986690526,0.036072531986690526,0.00605750467615982,0.0055575046761598195,0.030515027310530705,-0.005540312008955217,-0.00023356070410295132,-0.005306751304852266
2018-10-31,2018-10-29,validation,T2,2,0,5,0.2216080012903226,26,5,0.03611749052029545,0.03561749052029545,0.006170457315913527,0.0056704573159135265,0.02994703320438192,-0.005540312008955217,-0.00023356070410295132,-0.005306751304852266
2018-11-30,2018-11-28,validation,T2,2,2,4,0.18442714102379673,38,1,-0.002184939514219608,-0.002684939514219608,0.004134636469131735,0.0036346364691317344,-0.006319575983351342,0.02302519649255319,-0.00028016879437680285,0.02330536528692999
2018-11-30,2018-11-28,validation,T2,2,2,4,0.18442714102379673,38,3,0.017190003171989376,0.016690003171989376,0.0036370918757330666,0.003137091875733066,0.01355291129625631,0.02302519649255319,-0.00028016879437680285,0.02330536528692999
2018-11-30,2018-11-28,validation,T2,2,2,4,0.18442714102379673,38,5,-0.017262725916557087,-0.017762725916557087,0.00876058742815763,0.008260587428157629,-0.026023313344714714,0.02302519649255319,-0.00028016879437680285,0.02330536528692999
2018-12-31,2018-12-27,validation,T2,2,3,5,0.3046141804750838,23,1,-0.001290080483210776,-0.001790080483210776,0.0017591399743971151,0.0012591399743971147,-0.003049220457607891,0.00767745479659121,0.0036648207298791606,0.004012634066712049
2018-12-31,2018-12-27,validation,T2,2,3,5,0.3046141804750838,23,3,0.008505391166105714,0.008005391166105713,0.002843895938927976,0.0023438959389279757,0.0056614952271777375,0.00767745479659121,0.0036648207298791606,0.004012634066712049
2018-12-31,2018-12-27,validation,T2,2,3,5,0.3046141804750838,23,5,0.01741408757410423,0.01691408757410423,-0.004992960922831718,-0.005492960922831718,0.02240704849693595,0.00767745479659121,0.0036648207298791606,0.004012634066712049
2019-01-31,2019-01-29,validation,T2,2,1,3,0.18155051112384835,30,1,0.01583078292685869,0.015330782926858688,-0.0004273133779332472,-0.0009273133779332477,0.016258096304791934,-0.0013268546711320273,0.0017034879882076562,-0.0030303426593396837
2019-01-31,2019-01-29,validation,T2,2,1,3,0.18155051112384835,30,3,0.02524581080075783,0.024745810800757828,0.001899650361014656,0.0013996503610146556,0.023346160439743174,-0.0013268546711320273,0.0017034879882076562,-0.0030303426593396837
2019-01-31,2019-01-29,validation,T2,2,1,3,0.18155051112384835,30,5,0.0367867436075171,0.0362867436075171,0.0075866105116097595,0.007086610511609759,0.029200133095907344,-0.0013268546711320273,0.0017034879882076562,-0.0030303426593396837
2019-02-28,2019-02-26,validation,T2,2,1,2,0.10166064070141226,31,1,-0.0004299921219125258,-0.0009299921219125258,0.0006807106060205851,0.00018071060602058468,-0.0011107027279331104,-0.0007151214791966121,-0.001795245812064687,0.001080124332868075
2019-02-28,2019-02-26,validation,T2,2,1,2,0.10166064070141226,31,3,0.003938186673513311,0.003438186673513311,0.002415424550957295,0.0019154245509572948,0.001522762122556016,-0.0007151214791966121,-0.001795245812064687,0.001080124332868075
2019-02-28,2019-02-26,validation,T2,2,1,2,0.10166064070141226,31,5,-0.0010743681292092466,-0.0015743681292092466,0.005455919431832194,0.004955919431832194,-0.00653028756104144,-0.0007151214791966121,-0.001795245812064687,0.001080124332868075
2019-03-29,2019-03-27,validation,T2,2,2,3,0.11696388098290554,33,1,0.0037902753664487143,0.0032902753664487143,0.0018401665880707387,0.0013401665880707382,0.001950108778377976,-0.005229558575719051,-0.00210642766630054,-0.003123130909418511
2019-03-29,2019-03-27,validation,T2,2,2,3,0.11696388098290554,33,3,0.022099336858569574,0.021599336858569573,0.005950160788222468,0.005450160788222467,0.016149176070347104,-0.005229558575719051,-0.00210642766630054,-0.003123130909418511
2019-03-29,2019-03-27,validation,T2,2,2,3,0.11696388098290554,33,5,0.02420934062017177,0.02370934062017177,0.009036629184568035,0.008536629184568035,0.015172711435603736,-0.005229558575719051,-0.00210642766630054,-0.003123130909418511
2019-04-30,2019-04-26,validation,T2,2,4,1,0.06462630283869701,41,1,0.0015676445771786174,0.0010676445771786174,0.0009444401797052835,0.00044444017970528304,0.0006232043974733343,0.0046566314327867175,4.695597732087492e-05,0.004609675455465843
2019-04-30,2019-04-26,validation,T2,2,4,1,0.06462630283869701,41,3,-0.005453045105204168,-0.005953045105204169,0.003526015935322773,0.0030260159353227727,-0.008979061040526941,0.0046566314327867175,4.695597732087492e-05,0.004609675455465843
2019-04-30,2019-04-26,validation,T2,2,4,1,0.06462630283869701,41,5,0.0021127053943381657,0.0016127053943381657,0.004400372469772702,0.003900372469772702,-0.0022876670754345364,0.0046566314327867175,4.695597732087492e-05,0.004609675455465843
2019-05-31,2019-05-29,validation,T2,2,2,4,0.14702368364993093,38,1,0.002731279457351299,0.002231279457351299,0.004134636469131735,0.0036346364691317344,-0.0014033570117804356,-0.006710911420332422,-0.00028016879437680285,-0.006430742625955619
2019-05-31,2019-05-29,validation,T2,2,2,4,0.14702368364993093,38,3,-0.013296052425099458,-0.013796052425099459,0.0036370918757330666,0.003137091875733066,-0.016933144300832526,-0.006710911420332422,-0.00028016879437680285,-0.006430742625955619
2019-05-31,2019-05-29,validation,T2,2,2,4,0.14702368364993093,38,5,0.016854350870544765,0.016354350870544765,0.00876058742815763,0.008260587428157629,0.008093763442387136,-0.006710911420332422,-0.00028016879437680285,-0.006430742625955619
2019-06-28,2019-06-26,validation,T2,2,2,3,0.12545347018438238,33,1,0.003545977675202039,0.003045977675202039,0.0018401665880707387,0.0013401665880707382,0.0017058110871313007,-0.0009975422702710457,-0.00210642766630054,0.0011088853960294943
2019-06-28,2019-06-26,validation,T2,2,2,3,0.12545347018438238,33,3,0.01786753735478319,0.01736753735478319,0.005950160788222468,0.005450160788222467,0.011917376566560724,-0.0009975422702710457,-0.00210642766630054,0.0011088853960294943
2019-06-28,2019-06-26,validation,T2,2,2,3,0.12545347018438238,33,5,0.028677764907209413,0.028177764907209413,0.009036629184568035,0.008536629184568035,0.019641135722641378,-0.0009975422702710457,-0.00210642766630054,0.0011088853960294943
2019-07-31,2019-07-29,validation,T2,2,0,2,0.07686084102295195,27,1,-0.0024551317175974807,-0.0029551317175974807,-0.0009432081034735507,-0.001443208103473551,-0.0015119236141239297,-0.001821026250557356,-0.0010189116315822032,-0.0008021146189751529
2019-07-31,2019-07-29,validation,T2,2,0,2,0.07686084102295195,27,3,-0.021959733052335784,-0.022459733052335784,-0.0015916958869687822,-0.002091695886968783,-0.020368037165367,-0.001821026250557356,-0.0010189116315822032,-0.0008021146189751529
2019-07-31,2019-07-29,validation,T2,2,0,2,0.07686084102295195,27,5,-0.05851509659290477,-0.05901509659290477,0.002071983982353116,0.0015719839823531156,-0.060587080575257884,-0.001821026250557356,-0.0010189116315822032,-0.0008021146189751529
2019-08-30,2019-08-28,validation,T2,2,2,5,0.23715455369271166,21,1,0.012772727805862027,0.012272727805862027,0.005608441813136567,0.005108441813136567,0.00716428599272546,0.007041102310717529,-0.0028975166602471423,0.009938618970964671
2019-08-30,2019-08-28,validation,T2,2,2,5,0.23715455369271166,21,3,0.006403546839629737,0.005903546839629736,0.004829725044376002,0.0043297250443760016,0.0015738217952537348,0.007041102310717529,-0.0028975166602471423,0.009938618970964671
2019-08-30,2019-08-28,validation,T2,2,2,5,0.23715455369271166,21,5,0.030911575317561724,0.030411575317561723,0.0038608941615107502,0.0033608941615107498,0.027050681156050974,0.007041102310717529,-0.0028975166602471423,0.009938618970964671
2019-09-30,2019-09-26,validation,T2,2,3,2,0.0930761457144086,29,1,-0.005387515332347825,-0.005887515332347826,0.0008155672534479636,0.00031556725344796313,-0.006203082585795789,-0.0020828167560958954,0.00043296933407822245,-0.002515786090174118
2019-09-30,2019-09-26,validation,T2,2,3,2,0.0930761457144086,29,3,-0.012660167034438619,-0.013160167034438619,-0.0006687261941899445,-0.001168726194189945,-0.011991440840248674,-0.0020828167560958954,0.00043296933407822245,-0.002515786090174118
2019-09-30,2019-09-26,validation,T2,2,3,2,0.0930761457144086,29,5,-0.02215523552905163,-0.02265523552905163,0.0004681705745770311,-3.182942542296931e-05,-0.022623406103628663,-0.0020828167560958954,0.00043296933407822245,-0.002515786090174118
2019-10-31,2019-10-29,validation,T2,2,1,3,0.1375977170908109,30,1,0.0030677955110005595,0.0025677955110005595,-0.0004273133779332472,-0.0009273133779332477,0.003495108888933807,-0.0002973583480576636,0.0017034879882076562,-0.00200084633626532
2019-10-31,2019-10-29,validation,T2,2,1,3,0.1375977170908109,30,3,0.00966379501844461,0.00916379501844461,0.001899650361014656,0.0013996503610146556,0.007764144657429954,-0.0002973583480576636,0.0017034879882076562,-0.00200084633626532
2019-10-31,2019-10-29,validation,T2,2,1,3,0.1375977170908109,30,5,0.012598662735266997,0.012098662735266996,0.0075866105116097595,0.007086610511609759,0.005012052223657237,-0.0002973583480576636,0.0017034879882076562,-0.00200084633626532
2019-11-29,2019-11-26,validation,T2,2,1,1,0.055138828770720585,42,1,0.004457411520520926,0.003957411520520926,0.0016095088703995146,0.0011095088703995141,0.002847902650121412,0.0022658294047439576,0.00020603841943115481,0.002059790985312803
2019-11-29,2019-11-26,validation,T2,2,1,1,0.055138828770720585,42,3,-0.0077688984401099725,-0.008268898440109973,0.00037140288752662577,-0.00012859711247337468,-0.008140301327636598,0.0022658294047439576,0.00020603841943115481,0.002059790985312803
2019-11-29,2019-11-26,validation,T2,2,1,1,0.055138828770720585,42,5,-0.008341807047173244,-0.008841807047173245,0.002793670099747773,0.0022936700997477724,-0.011135477146921017,0.0022658294047439576,0.00020603841943115481,0.002059790985312803
2019-12-31,2019-12-27,validation,T2,2,4,1,0.07542732539073213,41,1,-0.005513170056149375,-0.006013170056149375,0.0009444401797052835,0.00044444017970528304,-0.006457610235854658,-0.000247664337187703,4.695597732087492e-05,-0.0002946203145085779
